Author username,Author tag,Author avatar,Is bot,Date,Content,Mentions,Attachments,Embed 1,Embed 1 thumbnail,Embed 1 image,Embed 1 video,Embed 1 url
ElvisTheDino,#7823,https://cdn.discordapp.com/avatars/870433577433706526/0029f802282ca4894889c6b282af682c.png,No,1/30/2023 6:34:14 PM,this is for Mate,,,,,,,
ElvisTheDino,#7823,https://cdn.discordapp.com/avatars/870433577433706526/0029f802282ca4894889c6b282af682c.png,No,1/30/2023 6:34:13 PM,,,https://cdn.discordapp.com/attachments/877367376688062525/1069807790471794748/Screen_Shot_2023-01-30_at_6.34.10_PM.png,,,,,
ElvisTheDino,#7823,https://cdn.discordapp.com/avatars/870433577433706526/0029f802282ca4894889c6b282af682c.png,No,1/28/2023 1:21:06 PM,fr,,,,,,,
Xenon757,#9974,https://cdn.discordapp.com/avatars/618916724493778985/da020f9ea416e5fcde8d3ae30f074355.png,No,1/28/2023 12:46:41 PM,kaneko was always my g,,,,,,,
Xenon757,#9974,https://cdn.discordapp.com/avatars/618916724493778985/da020f9ea416e5fcde8d3ae30f074355.png,No,1/28/2023 12:46:21 PM,damn FOOP is a UC approved g,ElvisTheDino#7823,,,,,,
Xenon757,#9974,https://cdn.discordapp.com/avatars/618916724493778985/da020f9ea416e5fcde8d3ae30f074355.png,No,1/28/2023 12:46:11 PM,what a scam,,,,,,,
Xenon757,#9974,https://cdn.discordapp.com/avatars/618916724493778985/da020f9ea416e5fcde8d3ae30f074355.png,No,1/28/2023 12:46:09 PM,I heard about this too,,,,,,,
Xenon757,#9974,https://cdn.discordapp.com/avatars/618916724493778985/da020f9ea416e5fcde8d3ae30f074355.png,No,1/28/2023 12:46:05 PM,bruh,ElvisTheDino#7823,,,,,,
ElvisTheDino,#7823,https://cdn.discordapp.com/avatars/870433577433706526/0029f802282ca4894889c6b282af682c.png,No,1/27/2023 7:26:07 AM,but Mr Paley doesn't teach it anymore so idk if he can do anything,,,,,,,
ElvisTheDino,#7823,https://cdn.discordapp.com/avatars/870433577433706526/0029f802282ca4894889c6b282af682c.png,No,1/27/2023 7:25:59 AM,i want honors credit for this,,,,,,,
ElvisTheDino,#7823,https://cdn.discordapp.com/avatars/870433577433706526/0029f802282ca4894889c6b282af682c.png,No,1/27/2023 7:25:51 AM,,,https://cdn.discordapp.com/attachments/877367376688062525/1068552428284293210/Screen_Shot_2023-01-27_at_7.25.48_AM.png,,,,,
ElvisTheDino,#7823,https://cdn.discordapp.com/avatars/870433577433706526/0029f802282ca4894889c6b282af682c.png,No,1/27/2023 7:25:45 AM,foop is honors now what,,,,,,,
ElvisTheDino,#7823,https://cdn.discordapp.com/avatars/870433577433706526/0029f802282ca4894889c6b282af682c.png,No,1/25/2023 9:54:34 PM,infinite,,,,,,,
Xenon757,#9974,https://cdn.discordapp.com/avatars/618916724493778985/da020f9ea416e5fcde8d3ae30f074355.png,No,1/25/2023 9:53:33 PM,whats ur placae,,,,,,,
Xenon757,#9974,https://cdn.discordapp.com/avatars/618916724493778985/da020f9ea416e5fcde8d3ae30f074355.png,No,1/25/2023 9:53:32 PM,damn,,,,,,,
ElvisTheDino,#7823,https://cdn.discordapp.com/avatars/870433577433706526/0029f802282ca4894889c6b282af682c.png,No,1/25/2023 9:53:03 PM,https://finalharvest.app/share/1857cba7833147ab9aa79916f8884cab,,,,,,,
ElvisTheDino,#7823,https://cdn.discordapp.com/avatars/870433577433706526/0029f802282ca4894889c6b282af682c.png,No,1/25/2023 9:53:02 PM,I already got harvested,,,,,,,
Xenon757,#9974,https://cdn.discordapp.com/avatars/618916724493778985/da020f9ea416e5fcde8d3ae30f074355.png,No,1/25/2023 9:52:20 PM,https://finalharvest.app/share/64af3c8907104092a3e281df97a9e969,,,,,,,
ElvisTheDino,#7823,https://cdn.discordapp.com/avatars/870433577433706526/0029f802282ca4894889c6b282af682c.png,No,1/25/2023 6:45:36 PM,"From the moment Mate learned what her sisters were doing to fight Trujillo's regime, she instantly made her decision, and despite being much younger decided to devote her time to helping them. Shows a lot of bravery on her part",,,,,,,
ElvisTheDino,#7823,https://cdn.discordapp.com/avatars/870433577433706526/0029f802282ca4894889c6b282af682c.png,No,1/25/2023 6:45:01 PM,"""I told Minerva and Manolo right out, I wanted to join. I could feel my breath coming short with the excitement of it all"" (Alvarez 142).",,,,,,,
ElvisTheDino,#7823,https://cdn.discordapp.com/avatars/870433577433706526/0029f802282ca4894889c6b282af682c.png,No,1/25/2023 6:24:08 PM,yeah,,,,,,,
Xenon757,#9974,https://cdn.discordapp.com/avatars/618916724493778985/da020f9ea416e5fcde8d3ae30f074355.png,No,1/25/2023 6:23:47 PM,"shows that Minerva had to sacrifice everything, even her own children and the people she loved for the cause of fighting against Trujillo and his oppresive regime",,,,,,,
Xenon757,#9974,https://cdn.discordapp.com/avatars/618916724493778985/da020f9ea416e5fcde8d3ae30f074355.png,No,1/25/2023 6:23:26 PM,"But Minerva, your own child‚Äî"" I began and then I saw it did hurt her to make this sacrifice she was convinced she needed to make.",,,,,,,
Xenon757,#9974,https://cdn.discordapp.com/avatars/618916724493778985/da020f9ea416e5fcde8d3ae30f074355.png,No,1/25/2023 6:23:26 PM,found a good minerva quote,,,,,,,
ElvisTheDino,#7823,https://cdn.discordapp.com/avatars/870433577433706526/0029f802282ca4894889c6b282af682c.png,No,1/25/2023 6:21:38 PM,idk why i had the wrong citation,,,,,,,
ElvisTheDino,#7823,https://cdn.discordapp.com/avatars/870433577433706526/0029f802282ca4894889c6b282af682c.png,No,1/25/2023 6:21:32 PM,its actually page 5,,,,,,,
Xenon757,#9974,https://cdn.discordapp.com/avatars/618916724493778985/da020f9ea416e5fcde8d3ae30f074355.png,No,1/25/2023 6:21:07 PM,ima def use this in the debate,,,,,,,
Xenon757,#9974,https://cdn.discordapp.com/avatars/618916724493778985/da020f9ea416e5fcde8d3ae30f074355.png,No,1/25/2023 6:20:48 PM,that's rly good,,,,,,,
Xenon757,#9974,https://cdn.discordapp.com/avatars/618916724493778985/da020f9ea416e5fcde8d3ae30f074355.png,No,1/25/2023 6:20:47 PM,wait,,,,,,,
Xenon757,#9974,https://cdn.discordapp.com/avatars/618916724493778985/da020f9ea416e5fcde8d3ae30f074355.png,No,1/25/2023 6:20:46 PM,ohh yes,,,,,,,
ElvisTheDino,#7823,https://cdn.discordapp.com/avatars/870433577433706526/0029f802282ca4894889c6b282af682c.png,No,1/25/2023 6:20:31 PM,shows how everything that happened affected and traumatized her as well as her sisters who were more involved,,,,,,,
ElvisTheDino,#7823,https://cdn.discordapp.com/avatars/870433577433706526/0029f802282ca4894889c6b282af682c.png,No,1/25/2023 6:20:01 PM,"‚ÄúBut really, this woman should shut car doors with less violence. Spare an aging woman‚Äôs nerves. And I‚Äôm not the only one, Ded√© thinks. Any Dominican of a certain generation would have jumped at that gunshot sound‚Äù (Alvarez 8)",,,,,,,
ElvisTheDino,#7823,https://cdn.discordapp.com/avatars/870433577433706526/0029f802282ca4894889c6b282af682c.png,No,1/25/2023 6:19:59 PM,i have one for dede actually,,,,,,,
ElvisTheDino,#7823,https://cdn.discordapp.com/avatars/870433577433706526/0029f802282ca4894889c6b282af682c.png,No,1/25/2023 6:18:57 PM,sheesh,,,,,,,
Xenon757,#9974,https://cdn.discordapp.com/avatars/618916724493778985/da020f9ea416e5fcde8d3ae30f074355.png,No,1/25/2023 6:18:53 PM,i like spent the last hour reading summaries on every chapter of the book,,,,,,,
ElvisTheDino,#7823,https://cdn.discordapp.com/avatars/870433577433706526/0029f802282ca4894889c6b282af682c.png,No,1/25/2023 6:18:49 PM,yeah,,,,,,,
Xenon757,#9974,https://cdn.discordapp.com/avatars/618916724493778985/da020f9ea416e5fcde8d3ae30f074355.png,No,1/25/2023 6:18:44 PM,lol I haven't read any of the book so im kinda in the same boat as u,,,,,,,
Xenon757,#9974,https://cdn.discordapp.com/avatars/618916724493778985/da020f9ea416e5fcde8d3ae30f074355.png,No,1/25/2023 6:18:35 PM,ok its fine,,,,,,,
ElvisTheDino,#7823,https://cdn.discordapp.com/avatars/870433577433706526/0029f802282ca4894889c6b282af682c.png,No,1/25/2023 6:17:51 PM,like I said I missed a lot of it (these quotes I have are from the first chapters),,,,,,,
ElvisTheDino,#7823,https://cdn.discordapp.com/avatars/870433577433706526/0029f802282ca4894889c6b282af682c.png,No,1/25/2023 6:17:21 PM,and I don't have any for Dede,,,,,,,
ElvisTheDino,#7823,https://cdn.discordapp.com/avatars/870433577433706526/0029f802282ca4894889c6b282af682c.png,No,1/25/2023 6:17:14 PM,"‚Äú‚ÄòTrujillo was doing bad things?‚Äô It was as if I had just heard Jesus had slapped a baby or Our Blessed Mother had not conceived Him the immaculate conception way. ‚ÄòThat can‚Äôt be true,‚Äô I said‚Ä¶‚Äù (Alvarez 17)",,,,,,,
ElvisTheDino,#7823,https://cdn.discordapp.com/avatars/870433577433706526/0029f802282ca4894889c6b282af682c.png,No,1/25/2023 6:17:14 PM,i have a similar one for Minerva but I didn't analyse it,,,,,,,
Xenon757,#9974,https://cdn.discordapp.com/avatars/618916724493778985/da020f9ea416e5fcde8d3ae30f074355.png,No,1/25/2023 6:16:26 PM,also Minerva quotes,,,,,,,
Xenon757,#9974,https://cdn.discordapp.com/avatars/618916724493778985/da020f9ea416e5fcde8d3ae30f074355.png,No,1/25/2023 6:16:24 PM,can I have them,,,,,,,
Xenon757,#9974,https://cdn.discordapp.com/avatars/618916724493778985/da020f9ea416e5fcde8d3ae30f074355.png,No,1/25/2023 6:16:22 PM,if u have any dede quotes,,,,,,,
ElvisTheDino,#7823,https://cdn.discordapp.com/avatars/870433577433706526/0029f802282ca4894889c6b282af682c.png,No,1/25/2023 6:16:03 PM,alr,,,,,,,
Xenon757,#9974,https://cdn.discordapp.com/avatars/618916724493778985/da020f9ea416e5fcde8d3ae30f074355.png,No,1/25/2023 6:16:01 PM,nice ill add this,,,,,,,
ElvisTheDino,#7823,https://cdn.discordapp.com/avatars/870433577433706526/0029f802282ca4894889c6b282af682c.png,No,1/25/2023 6:15:46 PM,"This quote of Mate demonstrates that she has realized that she thinks of Trujillo differently from how she used to, now that she knows some of his darker secrets. This is similar to the change that Minerva shows.",,,,,,,
Xenon757,#9974,https://cdn.discordapp.com/avatars/618916724493778985/da020f9ea416e5fcde8d3ae30f074355.png,No,1/25/2023 6:15:46 PM,yea,,,,,,,
ElvisTheDino,#7823,https://cdn.discordapp.com/avatars/870433577433706526/0029f802282ca4894889c6b282af682c.png,No,1/25/2023 6:15:32 PM,"‚ÄúI see the picture of our president with eyes that follow me around the room, and I am thinking he is trying to catch me doing something wrong. Before, I always thought our president was like God, watching over everything I did.‚Äù (Alvarez 39).",,,,,,,
ElvisTheDino,#7823,https://cdn.discordapp.com/avatars/870433577433706526/0029f802282ca4894889c6b282af682c.png,No,1/25/2023 6:15:30 PM,do you want to add this one:,,,,,,,
Xenon757,#9974,https://cdn.discordapp.com/avatars/618916724493778985/da020f9ea416e5fcde8d3ae30f074355.png,No,1/25/2023 6:15:12 PM,the notes are hella crappy but yea,,,,,,,
ElvisTheDino,#7823,https://cdn.discordapp.com/avatars/870433577433706526/0029f802282ca4894889c6b282af682c.png,No,1/25/2023 6:15:05 PM,ye,,,,,,,
Xenon757,#9974,https://cdn.discordapp.com/avatars/618916724493778985/da020f9ea416e5fcde8d3ae30f074355.png,No,1/25/2023 6:14:50 PM,don't share it with anyone else lol,,,,,,,
Xenon757,#9974,https://cdn.discordapp.com/avatars/618916724493778985/da020f9ea416e5fcde8d3ae30f074355.png,No,1/25/2023 6:14:46 PM,for different characters,,,,,,,
ElvisTheDino,#7823,https://cdn.discordapp.com/avatars/870433577433706526/0029f802282ca4894889c6b282af682c.png,No,1/25/2023 6:14:43 PM,oh dang thanks,,,,,,,
Xenon757,#9974,https://cdn.discordapp.com/avatars/618916724493778985/da020f9ea416e5fcde8d3ae30f074355.png,No,1/25/2023 6:14:42 PM,it has a bunch of quotes,,,,,,,
Xenon757,#9974,https://cdn.discordapp.com/avatars/618916724493778985/da020f9ea416e5fcde8d3ae30f074355.png,No,1/25/2023 6:14:35 PM,https://docs.google.com/document/d/1marGaqbMaEe06tT8svyVXDjt3DjfXXbDWGjRC8TnbTM/edit,,,"(Patria pg 53): ‚ÄúI had heard, but I had not believed. Snug in my heart, fondling my pearl, I had ignored their cries of desolation. How could our loving, all-powerful Father allow us to suffer so? I looked up, challenging Him. And the two faces had merged!‚Äù  This is the first time Patria has dire...",https://lh4.googleusercontent.com/kXuZpFDAtGjwI3AWPdoY1icVMV2vafLjM3sHRdESX-0cP9RPsK8wrB4HvhRyPQwnKhOy5WN7VLGf3g=w1200-h630-p,,,https://docs.google.com/document/d/1marGaqbMaEe06tT8svyVXDjt3DjfXXbDWGjRC8TnbTM/edit
Xenon757,#9974,https://cdn.discordapp.com/avatars/618916724493778985/da020f9ea416e5fcde8d3ae30f074355.png,No,1/25/2023 6:14:35 PM,I have this thing I kinda made,,,,,,,
Xenon757,#9974,https://cdn.discordapp.com/avatars/618916724493778985/da020f9ea416e5fcde8d3ae30f074355.png,No,1/25/2023 6:14:32 PM,here,,,,,,,
Xenon757,#9974,https://cdn.discordapp.com/avatars/618916724493778985/da020f9ea416e5fcde8d3ae30f074355.png,No,1/25/2023 6:14:32 PM,ok,,,,,,,
ElvisTheDino,#7823,https://cdn.discordapp.com/avatars/870433577433706526/0029f802282ca4894889c6b282af682c.png,No,1/25/2023 6:14:27 PM,do you have anything?,,,,,,,
ElvisTheDino,#7823,https://cdn.discordapp.com/avatars/870433577433706526/0029f802282ca4894889c6b282af682c.png,No,1/25/2023 6:14:25 PM,i don't want to read the whole book in search of evidence,,,,,,,
ElvisTheDino,#7823,https://cdn.discordapp.com/avatars/870433577433706526/0029f802282ca4894889c6b282af682c.png,No,1/25/2023 6:14:11 PM,and now I have nothing for the socratic seminar,,,,,,,
ElvisTheDino,#7823,https://cdn.discordapp.com/avatars/870433577433706526/0029f802282ca4894889c6b282af682c.png,No,1/25/2023 6:14:03 PM,i was sick for a lot of the time we were looking at evidence of in the time of the butterflies,,,,,,,
ElvisTheDino,#7823,https://cdn.discordapp.com/avatars/870433577433706526/0029f802282ca4894889c6b282af682c.png,No,1/25/2023 6:13:47 PM,i need your help,,,,,,,
ElvisTheDino,#7823,https://cdn.discordapp.com/avatars/870433577433706526/0029f802282ca4894889c6b282af682c.png,No,1/25/2023 6:13:44 PM,aadi,,,,,,,
Xenon757,#9974,https://cdn.discordapp.com/avatars/618916724493778985/da020f9ea416e5fcde8d3ae30f074355.png,No,1/20/2023 8:46:54 PM,sup,,,,,,,
ElvisTheDino,#7823,https://cdn.discordapp.com/avatars/870433577433706526/0029f802282ca4894889c6b282af682c.png,No,1/20/2023 7:52:37 PM,yooooo,,,,,,,
ElvisTheDino,#7823,https://cdn.discordapp.com/avatars/870433577433706526/0029f802282ca4894889c6b282af682c.png,No,1/19/2023 8:55:20 PM,lol,,,,,,,
Xenon757,#9974,https://cdn.discordapp.com/avatars/618916724493778985/da020f9ea416e5fcde8d3ae30f074355.png,No,1/19/2023 8:23:13 PM,lmao i've seen this short before,ElvisTheDino#7823,,,,,,
ElvisTheDino,#7823,https://cdn.discordapp.com/avatars/870433577433706526/0029f802282ca4894889c6b282af682c.png,No,1/18/2023 5:16:32 PM,It's Aadi Belwal as a baby,,,,,,,
ElvisTheDino,#7823,https://cdn.discordapp.com/avatars/870433577433706526/0029f802282ca4894889c6b282af682c.png,No,1/18/2023 5:16:23 PM,https://youtube.com/shorts/8ihBIZ1M_KI?feature=share#yagh ft,,,"She-Hulk got some competition ig üòÖ 

#indiatvserial  #nazar #indiantv",https://i.ytimg.com/vi/8ihBIZ1M_KI/maxresdefault.jpg,,https://www.youtube.com/embed/8ihBIZ1M_KI,https://www.youtube.com/shorts/8ihBIZ1M_KI
ElvisTheDino,#7823,https://cdn.discordapp.com/avatars/870433577433706526/0029f802282ca4894889c6b282af682c.png,No,1/11/2023 8:32:08 PM,nice find,,,,,,,
ElvisTheDino,#7823,https://cdn.discordapp.com/avatars/870433577433706526/0029f802282ca4894889c6b282af682c.png,No,1/11/2023 8:32:04 PM,ill watch later,,,,,,,
ElvisTheDino,#7823,https://cdn.discordapp.com/avatars/870433577433706526/0029f802282ca4894889c6b282af682c.png,No,1/11/2023 8:32:03 PM,omg,,,,,,,
Xenon757,#9974,https://cdn.discordapp.com/avatars/618916724493778985/da020f9ea416e5fcde8d3ae30f074355.png,No,1/11/2023 8:27:32 PM,full movie,,,,,,,
Xenon757,#9974,https://cdn.discordapp.com/avatars/618916724493778985/da020f9ea416e5fcde8d3ae30f074355.png,No,1/11/2023 8:27:29 PM,https://www.youtube.com/watch?v=XziLNeFm1ok,,,"Dubbed by TheThirdGathers

EDIT 1/3/17: In seeing how recent media coverage has been giving this video a big boost in popularity, I would like to give a shoutout to Frontwire Studios (http://www.frontwirestudios.com), who is working tirelessly to create a cyberpunk-themed shooter with mechanics inspired by those from the cancelled Star Wars Batt...",https://i.ytimg.com/vi/XziLNeFm1ok/maxresdefault.jpg,,https://www.youtube.com/embed/XziLNeFm1ok,https://www.youtube.com/watch?v=XziLNeFm1ok
Xenon757,#9974,https://cdn.discordapp.com/avatars/618916724493778985/da020f9ea416e5fcde8d3ae30f074355.png,No,1/11/2023 8:25:11 PM,HE IS A BIG,,,,,,,
Xenon757,#9974,https://cdn.discordapp.com/avatars/618916724493778985/da020f9ea416e5fcde8d3ae30f074355.png,No,1/11/2023 8:24:44 PM,"""R2, do you is fucking""",,,,,,,
Xenon757,#9974,https://cdn.discordapp.com/avatars/618916724493778985/da020f9ea416e5fcde8d3ae30f074355.png,No,1/11/2023 8:24:06 PM,He is in my behind üíÄ,,,,,,,
Xenon757,#9974,https://cdn.discordapp.com/avatars/618916724493778985/da020f9ea416e5fcde8d3ae30f074355.png,No,1/11/2023 8:23:42 PM,of revenge of the sith,,,,,,,
Xenon757,#9974,https://cdn.discordapp.com/avatars/618916724493778985/da020f9ea416e5fcde8d3ae30f074355.png,No,1/11/2023 8:23:38 PM,these are the actual subtitles for the chineese bootleg version,,,,,,,
Xenon757,#9974,https://cdn.discordapp.com/avatars/618916724493778985/da020f9ea416e5fcde8d3ae30f074355.png,No,1/11/2023 8:23:28 PM,https://www.youtube.com/watch?v=H9VVkwRb_7M,,,"I tried to keep these highlights short enough to avoid copyright issues, but we'll see how it turns out, the video may get taken down anyway.",https://i.ytimg.com/vi/H9VVkwRb_7M/maxresdefault.jpg,,https://www.youtube.com/embed/H9VVkwRb_7M,https://www.youtube.com/watch?v=H9VVkwRb_7M
Xenon757,#9974,https://cdn.discordapp.com/avatars/618916724493778985/da020f9ea416e5fcde8d3ae30f074355.png,No,12/21/2022 8:20:22 AM,he has linkendin,,,,,,,
Xenon757,#9974,https://cdn.discordapp.com/avatars/618916724493778985/da020f9ea416e5fcde8d3ae30f074355.png,No,12/21/2022 8:20:20 AM,yoooo,ElvisTheDino#7823,,,,,,
ElvisTheDino,#7823,https://cdn.discordapp.com/avatars/870433577433706526/0029f802282ca4894889c6b282af682c.png,No,12/20/2022 7:46:36 PM,the real teto,,,,,,,
ElvisTheDino,#7823,https://cdn.discordapp.com/avatars/870433577433706526/0029f802282ca4894889c6b282af682c.png,No,12/20/2022 7:46:34 PM,yooooooooooooooo,,,,,,,
ElvisTheDino,#7823,https://cdn.discordapp.com/avatars/870433577433706526/0029f802282ca4894889c6b282af682c.png,No,12/20/2022 7:46:30 PM,https://www.linkedin.com/in/john-li-b22414221?trk=public_profile_browsemap,,,,,,,
ElvisTheDino,#7823,https://cdn.discordapp.com/avatars/870433577433706526/0029f802282ca4894889c6b282af682c.png,No,12/20/2022 4:08:34 PM,bro i'm so hyped for secret invasion,,,,,,,
ElvisTheDino,#7823,https://cdn.discordapp.com/avatars/870433577433706526/0029f802282ca4894889c6b282af682c.png,No,12/20/2022 4:07:57 PM,nikhil shrivastava?,Xenon757#9974,,,,,,
ElvisTheDino,#7823,https://cdn.discordapp.com/avatars/870433577433706526/0029f802282ca4894889c6b282af682c.png,No,12/20/2022 4:07:35 PM,2 parties lol,,,,,,,
ElvisTheDino,#7823,https://cdn.discordapp.com/avatars/870433577433706526/0029f802282ca4894889c6b282af682c.png,No,12/20/2022 4:07:30 PM,yep,,,,,,,
Xenon757,#9974,https://cdn.discordapp.com/avatars/618916724493778985/da020f9ea416e5fcde8d3ae30f074355.png,No,12/20/2022 4:07:26 PM,Thursday is free tho,,,,,,,
Xenon757,#9974,https://cdn.discordapp.com/avatars/618916724493778985/da020f9ea416e5fcde8d3ae30f074355.png,No,12/20/2022 4:07:23 PM,oof,,,,,,,
ElvisTheDino,#7823,https://cdn.discordapp.com/avatars/870433577433706526/0029f802282ca4894889c6b282af682c.png,No,12/20/2022 4:07:14 PM,,,https://cdn.discordapp.com/attachments/877367376688062525/1054912897584738334/Screen_Shot_2022-12-20_at_4.07.10_PM.png,,,,,
ElvisTheDino,#7823,https://cdn.discordapp.com/avatars/870433577433706526/0029f802282ca4894889c6b282af682c.png,No,12/20/2022 4:07:00 PM,tomorrow is painful,,,,,,,
ElvisTheDino,#7823,https://cdn.discordapp.com/avatars/870433577433706526/0029f802282ca4894889c6b282af682c.png,No,12/20/2022 4:05:52 PM,hi,,,,,,,
Xenon757,#9974,https://cdn.discordapp.com/avatars/618916724493778985/da020f9ea416e5fcde8d3ae30f074355.png,No,12/20/2022 4:05:23 PM,yo,,,,,,,
ElvisTheDino,#7823,https://cdn.discordapp.com/avatars/870433577433706526/0029f802282ca4894889c6b282af682c.png,No,12/16/2022 9:07:46 PM,LOL,,,,,,,
Xenon757,#9974,https://cdn.discordapp.com/avatars/618916724493778985/da020f9ea416e5fcde8d3ae30f074355.png,No,12/16/2022 9:07:14 PM,alr this is what im gonna do the hour before my us gov final,,https://cdn.discordapp.com/attachments/877367376688062525/1053538843804049528/Screen_Shot_2022-12-16_at_9.06.53_PM.png,,,,,
ElvisTheDino,#7823,https://cdn.discordapp.com/avatars/870433577433706526/0029f802282ca4894889c6b282af682c.png,No,12/16/2022 9:06:37 PM,lolllll,,,,,,,
Xenon757,#9974,https://cdn.discordapp.com/avatars/618916724493778985/da020f9ea416e5fcde8d3ae30f074355.png,No,12/16/2022 9:06:27 PM,I feel like if someone makes a long enough message they could actually crash the servers,,,,,,,
ElvisTheDino,#7823,https://cdn.discordapp.com/avatars/870433577433706526/0029f802282ca4894889c6b282af682c.png,No,12/16/2022 9:06:24 PM,IKR,,,,,,,
Xenon757,#9974,https://cdn.discordapp.com/avatars/618916724493778985/da020f9ea416e5fcde8d3ae30f074355.png,No,12/16/2022 9:06:17 PM,why is there no character limit tho,,,,,,,
ElvisTheDino,#7823,https://cdn.discordapp.com/avatars/870433577433706526/0029f802282ca4894889c6b282af682c.png,No,12/16/2022 9:05:54 PM,nice,,,,,,,
ElvisTheDino,#7823,https://cdn.discordapp.com/avatars/870433577433706526/0029f802282ca4894889c6b282af682c.png,No,12/16/2022 9:05:49 PM,lol,,,,,,,
Xenon757,#9974,https://cdn.discordapp.com/avatars/618916724493778985/da020f9ea416e5fcde8d3ae30f074355.png,No,12/16/2022 9:05:33 PM,ok I deleted it,,,,,,,
Xenon757,#9974,https://cdn.discordapp.com/avatars/618916724493778985/da020f9ea416e5fcde8d3ae30f074355.png,No,12/16/2022 9:05:00 PM,lmao,,,,,,,
ElvisTheDino,#7823,https://cdn.discordapp.com/avatars/870433577433706526/0029f802282ca4894889c6b282af682c.png,No,12/16/2022 9:04:57 PM,Antonio responded loo,,,,,,,
Xenon757,#9974,https://cdn.discordapp.com/avatars/618916724493778985/da020f9ea416e5fcde8d3ae30f074355.png,No,12/16/2022 9:04:54 PM,and add a character limit,,,,,,,
Xenon757,#9974,https://cdn.discordapp.com/avatars/618916724493778985/da020f9ea416e5fcde8d3ae30f074355.png,No,12/16/2022 9:04:50 PM,they should fix that,,,,,,,
Xenon757,#9974,https://cdn.discordapp.com/avatars/618916724493778985/da020f9ea416e5fcde8d3ae30f074355.png,No,12/16/2022 9:04:46 PM,I didn't think it would work,,,,,,,
Xenon757,#9974,https://cdn.discordapp.com/avatars/618916724493778985/da020f9ea416e5fcde8d3ae30f074355.png,No,12/16/2022 9:04:42 PM,yea,,,,,,,
ElvisTheDino,#7823,https://cdn.discordapp.com/avatars/870433577433706526/0029f802282ca4894889c6b282af682c.png,No,12/16/2022 9:04:08 PM,You better delete that or you're toast lol,,,,,,,
Xenon757,#9974,https://cdn.discordapp.com/avatars/618916724493778985/da020f9ea416e5fcde8d3ae30f074355.png,No,12/16/2022 9:03:39 PM,I just accidentally publicliy posted the entirety of the communist manifesto,,,,,,,
ElvisTheDino,#7823,https://cdn.discordapp.com/avatars/870433577433706526/0029f802282ca4894889c6b282af682c.png,No,12/16/2022 9:03:34 PM,Lol,,,,,,,
Xenon757,#9974,https://cdn.discordapp.com/avatars/618916724493778985/da020f9ea416e5fcde8d3ae30f074355.png,No,12/16/2022 9:03:31 PM,when I made my post I didn't think it would work,,,,,,,
Xenon757,#9974,https://cdn.discordapp.com/avatars/618916724493778985/da020f9ea416e5fcde8d3ae30f074355.png,No,12/16/2022 9:03:21 PM,holy shit,,,,,,,
Xenon757,#9974,https://cdn.discordapp.com/avatars/618916724493778985/da020f9ea416e5fcde8d3ae30f074355.png,No,12/16/2022 9:03:20 PM,on schoology posts,,,,,,,
Xenon757,#9974,https://cdn.discordapp.com/avatars/618916724493778985/da020f9ea416e5fcde8d3ae30f074355.png,No,12/16/2022 9:03:17 PM,THERE'S NO CHARACTER LIMIT,,,,,,,
Xenon757,#9974,https://cdn.discordapp.com/avatars/618916724493778985/da020f9ea416e5fcde8d3ae30f074355.png,No,12/16/2022 9:03:13 PM,BRO,,,,,,,
ElvisTheDino,#7823,https://cdn.discordapp.com/avatars/870433577433706526/0029f802282ca4894889c6b282af682c.png,No,12/16/2022 4:44:17 PM,lol,,,,,,,
Xenon757,#9974,https://cdn.discordapp.com/avatars/618916724493778985/da020f9ea416e5fcde8d3ae30f074355.png,No,12/16/2022 4:44:14 PM,I forgot that server existed,,,,,,,
Xenon757,#9974,https://cdn.discordapp.com/avatars/618916724493778985/da020f9ea416e5fcde8d3ae30f074355.png,No,12/16/2022 4:44:08 PM,oh true,,,,,,,
ElvisTheDino,#7823,https://cdn.discordapp.com/avatars/870433577433706526/0029f802282ca4894889c6b282af682c.png,No,12/16/2022 4:43:53 PM,You should put them in f period bio,,,,,,,
ElvisTheDino,#7823,https://cdn.discordapp.com/avatars/870433577433706526/0029f802282ca4894889c6b282af682c.png,No,12/16/2022 4:43:23 PM,ayo,,,,,,,
Xenon757,#9974,https://cdn.discordapp.com/avatars/618916724493778985/da020f9ea416e5fcde8d3ae30f074355.png,No,12/16/2022 4:43:22 PM,these are from oc,,,,,,,
ElvisTheDino,#7823,https://cdn.discordapp.com/avatars/870433577433706526/0029f802282ca4894889c6b282af682c.png,No,12/16/2022 4:43:22 PM,WHAT IS THIS LECTURE,,,,,,,
Xenon757,#9974,https://cdn.discordapp.com/avatars/618916724493778985/da020f9ea416e5fcde8d3ae30f074355.png,No,12/16/2022 4:43:07 PM,"""Gay people will come to my uncle's house and attack him in bed""",,,,,,,
Xenon757,#9974,https://cdn.discordapp.com/avatars/618916724493778985/da020f9ea416e5fcde8d3ae30f074355.png,No,12/16/2022 4:42:49 PM,"""All gay men are rapists""",,,,,,,
Xenon757,#9974,https://cdn.discordapp.com/avatars/618916724493778985/da020f9ea416e5fcde8d3ae30f074355.png,No,12/16/2022 4:42:45 PM,I have the most insane out of context quotes,,,,,,,
Xenon757,#9974,https://cdn.discordapp.com/avatars/618916724493778985/da020f9ea416e5fcde8d3ae30f074355.png,No,12/16/2022 4:42:40 PM,oc had the most insane lecture in prime,,,,,,,
Xenon757,#9974,https://cdn.discordapp.com/avatars/618916724493778985/da020f9ea416e5fcde8d3ae30f074355.png,No,12/16/2022 4:42:36 PM,bro,,,,,,,
ElvisTheDino,#7823,https://cdn.discordapp.com/avatars/870433577433706526/0029f802282ca4894889c6b282af682c.png,No,12/16/2022 3:12:03 PM,truly,,,,,,,
Xenon757,#9974,https://cdn.discordapp.com/avatars/618916724493778985/da020f9ea416e5fcde8d3ae30f074355.png,No,12/16/2022 3:11:37 PM,Find the position of the black king and brute force if it is under check and if any of the surrounding square. If the king is currently under check and can't reach any other square it is in checkmate. If the king is currently under check but can reach any square it is in check. If the king is not currently under check but can't move then it is a stalemate. If the king is not under check and can move then it is safe,,,,,,,
ElvisTheDino,#7823,https://cdn.discordapp.com/avatars/870433577433706526/0029f802282ca4894889c6b282af682c.png,No,12/16/2022 3:04:34 PM,,,https://cdn.discordapp.com/attachments/877367376688062525/1053447577053446174/Screen_Shot_2022-12-16_at_3.04.18_PM.png,,,,,
Xenon757,#9974,https://cdn.discordapp.com/avatars/618916724493778985/da020f9ea416e5fcde8d3ae30f074355.png,No,12/16/2022 3:04:03 PM,lmao,,,,,,,
ElvisTheDino,#7823,https://cdn.discordapp.com/avatars/870433577433706526/0029f802282ca4894889c6b282af682c.png,No,12/16/2022 3:03:36 PM,the prime schoology page,,,,,,,
ElvisTheDino,#7823,https://cdn.discordapp.com/avatars/870433577433706526/0029f802282ca4894889c6b282af682c.png,No,12/16/2022 3:03:30 PM,prime is so cursed rn,,,,,,,
ElvisTheDino,#7823,https://cdn.discordapp.com/avatars/870433577433706526/0029f802282ca4894889c6b282af682c.png,No,12/16/2022 3:03:22 PM,,,https://cdn.discordapp.com/attachments/877367376688062525/1053447275277463623/IMAGE_2022-12-16_150320.jpg,,,,,
Xenon757,#9974,https://cdn.discordapp.com/avatars/618916724493778985/da020f9ea416e5fcde8d3ae30f074355.png,No,12/15/2022 7:47:00 AM,send me those pics,,,,,,,
Xenon757,#9974,https://cdn.discordapp.com/avatars/618916724493778985/da020f9ea416e5fcde8d3ae30f074355.png,No,12/15/2022 7:46:56 AM,wtf,,,,,,,
ElvisTheDino,#7823,https://cdn.discordapp.com/avatars/870433577433706526/0029f802282ca4894889c6b282af682c.png,No,12/13/2022 5:25:04 PM,waltuh,,,,,,,
ElvisTheDino,#7823,https://cdn.discordapp.com/avatars/870433577433706526/0029f802282ca4894889c6b282af682c.png,No,12/13/2022 5:24:55 PM,lolllllllllllll,,,,,,,
ElvisTheDino,#7823,https://cdn.discordapp.com/avatars/870433577433706526/0029f802282ca4894889c6b282af682c.png,No,12/13/2022 5:24:52 PM,why do i have this,,,,,,,
ElvisTheDino,#7823,https://cdn.discordapp.com/avatars/870433577433706526/0029f802282ca4894889c6b282af682c.png,No,12/13/2022 5:24:50 PM,WHY IS THIS ON MY COMPUTER,,,,,,,
ElvisTheDino,#7823,https://cdn.discordapp.com/avatars/870433577433706526/0029f802282ca4894889c6b282af682c.png,No,12/13/2022 5:24:45 PM,,,https://cdn.discordapp.com/attachments/877367376688062525/1052395689553973260/Screen_Shot_2022-12-13_at_5.24.40_PM.png,,,,,
ElvisTheDino,#7823,https://cdn.discordapp.com/avatars/870433577433706526/0029f802282ca4894889c6b282af682c.png,No,12/8/2022 6:19:55 PM,niceee,,,,,,,
Xenon757,#9974,https://cdn.discordapp.com/avatars/618916724493778985/da020f9ea416e5fcde8d3ae30f074355.png,No,12/8/2022 6:16:27 PM,that was like the first thing I did,,,,,,,
Xenon757,#9974,https://cdn.discordapp.com/avatars/618916724493778985/da020f9ea416e5fcde8d3ae30f074355.png,No,12/8/2022 6:16:20 PM,I already did,ElvisTheDino#7823,,,,,,
Xenon757,#9974,https://cdn.discordapp.com/avatars/618916724493778985/da020f9ea416e5fcde8d3ae30f074355.png,No,12/8/2022 6:16:12 PM,w,,,,,,,
Xenon757,#9974,https://cdn.discordapp.com/avatars/618916724493778985/da020f9ea416e5fcde8d3ae30f074355.png,No,12/8/2022 6:16:11 PM,YOOO,,,,,,,
ElvisTheDino,#7823,https://cdn.discordapp.com/avatars/870433577433706526/0029f802282ca4894889c6b282af682c.png,No,12/6/2022 8:01:52 PM,even if you never listen it gives me a bit of a boost,,,,,,,
ElvisTheDino,#7823,https://cdn.discordapp.com/avatars/870433577433706526/0029f802282ca4894889c6b282af682c.png,No,12/6/2022 8:01:46 PM,also bro you should add my songs to ur playlists,,,,,,,
ElvisTheDino,#7823,https://cdn.discordapp.com/avatars/870433577433706526/0029f802282ca4894889c6b282af682c.png,No,12/6/2022 7:59:22 PM,actually if spotify publishes royalties at the end of the year it might be more since more people will have listened,,,,,,,
ElvisTheDino,#7823,https://cdn.discordapp.com/avatars/870433577433706526/0029f802282ca4894889c6b282af682c.png,No,12/6/2022 7:58:50 PM,LETS GO IM BOUTA EARN 34 CENTS FROM STREAMS,,,,,,,
Xenon757,#9974,https://cdn.discordapp.com/avatars/618916724493778985/da020f9ea416e5fcde8d3ae30f074355.png,No,12/6/2022 6:34:31 AM,god damn,,,,,,,
ElvisTheDino,#7823,https://cdn.discordapp.com/avatars/870433577433706526/0029f802282ca4894889c6b282af682c.png,No,12/5/2022 10:55:25 PM,crazy,,,,,,,
ElvisTheDino,#7823,https://cdn.discordapp.com/avatars/870433577433706526/0029f802282ca4894889c6b282af682c.png,No,12/5/2022 10:55:24 PM,,,https://cdn.discordapp.com/attachments/877367376688062525/1049579798583844895/Screen_Shot_2022-12-05_at_10.55.19_PM.png,,,,,
ElvisTheDino,#7823,https://cdn.discordapp.com/avatars/870433577433706526/0029f802282ca4894889c6b282af682c.png,No,12/5/2022 9:37:18 PM,this can literally do anything,,,,,,,
ElvisTheDino,#7823,https://cdn.discordapp.com/avatars/870433577433706526/0029f802282ca4894889c6b282af682c.png,No,12/5/2022 9:37:16 PM,,,https://cdn.discordapp.com/attachments/877367376688062525/1049560135053348965/Screen_Shot_2022-12-05_at_9.37.10_PM.png,,,,,
ElvisTheDino,#7823,https://cdn.discordapp.com/avatars/870433577433706526/0029f802282ca4894889c6b282af682c.png,No,12/5/2022 9:32:07 PM,ikr,,,,,,,
Xenon757,#9974,https://cdn.discordapp.com/avatars/618916724493778985/da020f9ea416e5fcde8d3ae30f074355.png,No,12/5/2022 9:31:42 PM,if they use this,,,,,,,
Xenon757,#9974,https://cdn.discordapp.com/avatars/618916724493778985/da020f9ea416e5fcde8d3ae30f074355.png,No,12/5/2022 9:31:40 PM,FOOP kids have a free a nw,,,,,,,
Xenon757,#9974,https://cdn.discordapp.com/avatars/618916724493778985/da020f9ea416e5fcde8d3ae30f074355.png,No,12/5/2022 9:31:33 PM,yea,,,,,,,
ElvisTheDino,#7823,https://cdn.discordapp.com/avatars/870433577433706526/0029f802282ca4894889c6b282af682c.png,No,12/5/2022 9:31:31 PM,this stuff is actually crazy,,,,,,,
ElvisTheDino,#7823,https://cdn.discordapp.com/avatars/870433577433706526/0029f802282ca4894889c6b282af682c.png,No,12/5/2022 9:31:25 PM,wow,,,,,,,
Xenon757,#9974,https://cdn.discordapp.com/avatars/618916724493778985/da020f9ea416e5fcde8d3ae30f074355.png,No,12/5/2022 9:31:21 PM,it explains the code too,,,,,,,
Xenon757,#9974,https://cdn.discordapp.com/avatars/618916724493778985/da020f9ea416e5fcde8d3ae30f074355.png,No,12/5/2022 9:31:18 PM,its rly good,,,,,,,
Xenon757,#9974,https://cdn.discordapp.com/avatars/618916724493778985/da020f9ea416e5fcde8d3ae30f074355.png,No,12/5/2022 9:31:17 PM,yea,,,,,,,
ElvisTheDino,#7823,https://cdn.discordapp.com/avatars/870433577433706526/0029f802282ca4894889c6b282af682c.png,No,12/5/2022 9:30:30 PM,oh shoot,,,,,,,
ElvisTheDino,#7823,https://cdn.discordapp.com/avatars/870433577433706526/0029f802282ca4894889c6b282af682c.png,No,12/5/2022 9:30:29 PM,,,https://cdn.discordapp.com/attachments/877367376688062525/1049558427996803112/Screen_Shot_2022-12-05_at_9.30.25_PM.png,,,,,
ElvisTheDino,#7823,https://cdn.discordapp.com/avatars/870433577433706526/0029f802282ca4894889c6b282af682c.png,No,12/5/2022 9:29:52 PM,wow,,,,,,,
Xenon757,#9974,https://cdn.discordapp.com/avatars/618916724493778985/da020f9ea416e5fcde8d3ae30f074355.png,No,12/5/2022 9:29:50 PM,its insnae,,,,,,,
Xenon757,#9974,https://cdn.discordapp.com/avatars/618916724493778985/da020f9ea416e5fcde8d3ae30f074355.png,No,12/5/2022 9:29:44 PM,with set! and actually complicated stuff,,,,,,,
ElvisTheDino,#7823,https://cdn.discordapp.com/avatars/870433577433706526/0029f802282ca4894889c6b282af682c.png,No,12/5/2022 9:29:40 PM,thats crazy,,,,,,,
Xenon757,#9974,https://cdn.discordapp.com/avatars/618916724493778985/da020f9ea416e5fcde8d3ae30f074355.png,No,12/5/2022 9:29:36 PM,it was a recursion problem too,,,,,,,
ElvisTheDino,#7823,https://cdn.discordapp.com/avatars/870433577433706526/0029f802282ca4894889c6b282af682c.png,No,12/5/2022 9:29:35 PM,hahahahahaha,,,,,,,
Xenon757,#9974,https://cdn.discordapp.com/avatars/618916724493778985/da020f9ea416e5fcde8d3ae30f074355.png,No,12/5/2022 9:29:30 PM,and then I asked open ai to code the scheme function for the problem and it fucking worked,,,,,,,
ElvisTheDino,#7823,https://cdn.discordapp.com/avatars/870433577433706526/0029f802282ca4894889c6b282af682c.png,No,12/5/2022 9:29:21 PM,of course he did,,,,,,,
Xenon757,#9974,https://cdn.discordapp.com/avatars/618916724493778985/da020f9ea416e5fcde8d3ae30f074355.png,No,12/5/2022 9:29:16 PM,then assigned us to do a scheme problem,,,,,,,
ElvisTheDino,#7823,https://cdn.discordapp.com/avatars/870433577433706526/0029f802282ca4894889c6b282af682c.png,No,12/5/2022 9:29:15 PM,lol,,,,,,,
Xenon757,#9974,https://cdn.discordapp.com/avatars/618916724493778985/da020f9ea416e5fcde8d3ae30f074355.png,No,12/5/2022 9:29:11 PM,paley was showing this to us in apcsa,,,,,,,
Xenon757,#9974,https://cdn.discordapp.com/avatars/618916724493778985/da020f9ea416e5fcde8d3ae30f074355.png,No,12/5/2022 9:29:08 PM,it was hella funny,,,,,,,
Xenon757,#9974,https://cdn.discordapp.com/avatars/618916724493778985/da020f9ea416e5fcde8d3ae30f074355.png,No,12/5/2022 9:29:05 PM,oh yea,,,,,,,
ElvisTheDino,#7823,https://cdn.discordapp.com/avatars/870433577433706526/0029f802282ca4894889c6b282af682c.png,No,12/5/2022 9:29:00 PM,lolllllllll,,,,,,,
Xenon757,#9974,https://cdn.discordapp.com/avatars/618916724493778985/da020f9ea416e5fcde8d3ae30f074355.png,No,12/5/2022 9:28:58 PM,its so good,,,,,,,
Xenon757,#9974,https://cdn.discordapp.com/avatars/618916724493778985/da020f9ea416e5fcde8d3ae30f074355.png,No,12/5/2022 9:28:55 PM,bro I literally used open ai on some of my chem hw questions td after school lmao,,,,,,,
ElvisTheDino,#7823,https://cdn.discordapp.com/avatars/870433577433706526/0029f802282ca4894889c6b282af682c.png,No,12/5/2022 9:28:24 PM,its actually INSANE,,,,,,,
ElvisTheDino,#7823,https://cdn.discordapp.com/avatars/870433577433706526/0029f802282ca4894889c6b282af682c.png,No,12/5/2022 9:28:19 PM,ikr,,,,,,,
Xenon757,#9974,https://cdn.discordapp.com/avatars/618916724493778985/da020f9ea416e5fcde8d3ae30f074355.png,No,12/5/2022 9:27:54 PM,omg,,,,,,,
Xenon757,#9974,https://cdn.discordapp.com/avatars/618916724493778985/da020f9ea416e5fcde8d3ae30f074355.png,No,12/5/2022 9:27:53 PM,how is it that good,,,,,,,
Xenon757,#9974,https://cdn.discordapp.com/avatars/618916724493778985/da020f9ea416e5fcde8d3ae30f074355.png,No,12/5/2022 9:27:52 PM,I just read this,,,,,,,
Xenon757,#9974,https://cdn.discordapp.com/avatars/618916724493778985/da020f9ea416e5fcde8d3ae30f074355.png,No,12/5/2022 9:27:50 PM,WTF,ElvisTheDino#7823,,,,,,
ElvisTheDino,#7823,https://cdn.discordapp.com/avatars/870433577433706526/0029f802282ca4894889c6b282af682c.png,No,12/5/2022 9:26:50 PM,ima make this into a beat,,,,,,,
ElvisTheDino,#7823,https://cdn.discordapp.com/avatars/870433577433706526/0029f802282ca4894889c6b282af682c.png,No,12/5/2022 9:26:42 PM,ong,,,,,,,
Xenon757,#9974,https://cdn.discordapp.com/avatars/618916724493778985/da020f9ea416e5fcde8d3ae30f074355.png,No,12/5/2022 9:26:38 PM,I should use it to write my essays,,,,,,,
Xenon757,#9974,https://cdn.discordapp.com/avatars/618916724493778985/da020f9ea416e5fcde8d3ae30f074355.png,No,12/5/2022 9:26:34 PM,holy shit,ElvisTheDino#7823,,,,,,
ElvisTheDino,#7823,https://cdn.discordapp.com/avatars/870433577433706526/0029f802282ca4894889c6b282af682c.png,No,12/5/2022 9:26:26 PM,read all of them,,,,,,,
ElvisTheDino,#7823,https://cdn.discordapp.com/avatars/870433577433706526/0029f802282ca4894889c6b282af682c.png,No,12/5/2022 9:26:24 PM,all 3 of these things are crazy,,,,,,,
Xenon757,#9974,https://cdn.discordapp.com/avatars/618916724493778985/da020f9ea416e5fcde8d3ae30f074355.png,No,12/5/2022 9:26:16 PM,its so good,,,,,,,
Xenon757,#9974,https://cdn.discordapp.com/avatars/618916724493778985/da020f9ea416e5fcde8d3ae30f074355.png,No,12/5/2022 9:26:14 PM,it just released,,,,,,,
Xenon757,#9974,https://cdn.discordapp.com/avatars/618916724493778985/da020f9ea416e5fcde8d3ae30f074355.png,No,12/5/2022 9:26:13 PM,open Ai right?,,,,,,,
Xenon757,#9974,https://cdn.discordapp.com/avatars/618916724493778985/da020f9ea416e5fcde8d3ae30f074355.png,No,12/5/2022 9:26:10 PM,ik,ElvisTheDino#7823,,,,,,
ElvisTheDino,#7823,https://cdn.discordapp.com/avatars/870433577433706526/0029f802282ca4894889c6b282af682c.png,No,12/5/2022 9:23:46 PM,this AI could write an entire movie lololol,,,,,,,
ElvisTheDino,#7823,https://cdn.discordapp.com/avatars/870433577433706526/0029f802282ca4894889c6b282af682c.png,No,12/5/2022 9:23:42 PM,,,https://cdn.discordapp.com/attachments/877367376688062525/1049556721682624532/Screen_Shot_2022-12-05_at_9.23.39_PM.png,,,,,
ElvisTheDino,#7823,https://cdn.discordapp.com/avatars/870433577433706526/0029f802282ca4894889c6b282af682c.png,No,12/5/2022 9:21:08 PM,this is an epic speech,,,,,,,
ElvisTheDino,#7823,https://cdn.discordapp.com/avatars/870433577433706526/0029f802282ca4894889c6b282af682c.png,No,12/5/2022 9:21:06 PM,,,https://cdn.discordapp.com/attachments/877367376688062525/1049556068130357248/Screen_Shot_2022-12-05_at_9.21.01_PM.png,,,,,
ElvisTheDino,#7823,https://cdn.discordapp.com/avatars/870433577433706526/0029f802282ca4894889c6b282af682c.png,No,12/5/2022 9:03:14 PM,the artificial intelligence is actually insane,,,,,,,
ElvisTheDino,#7823,https://cdn.discordapp.com/avatars/870433577433706526/0029f802282ca4894889c6b282af682c.png,No,12/5/2022 9:03:06 PM,<@618916724493778985>,Xenon757#9974,,,,,,
ElvisTheDino,#7823,https://cdn.discordapp.com/avatars/870433577433706526/0029f802282ca4894889c6b282af682c.png,No,12/5/2022 9:03:04 PM,,,https://cdn.discordapp.com/attachments/877367376688062525/1049551531709579334/Screen_Shot_2022-12-05_at_9.03.01_PM.png,,,,,
ElvisTheDino,#7823,https://cdn.discordapp.com/avatars/870433577433706526/0029f802282ca4894889c6b282af682c.png,No,12/5/2022 8:27:33 PM,Niceeeeeeee,,,,,,,
Xenon757,#9974,https://cdn.discordapp.com/avatars/618916724493778985/da020f9ea416e5fcde8d3ae30f074355.png,No,12/5/2022 7:59:34 PM,gotta flex ur songs to discord,,https://cdn.discordapp.com/attachments/877367376688062525/1049535549104463894/Screen_Shot_2022-12-05_at_7.59.24_PM.png,,,,,
Xenon757,#9974,https://cdn.discordapp.com/avatars/618916724493778985/da020f9ea416e5fcde8d3ae30f074355.png,No,12/5/2022 7:58:57 PM,just started faded,,,,,,,
Xenon757,#9974,https://cdn.discordapp.com/avatars/618916724493778985/da020f9ea416e5fcde8d3ae30f074355.png,No,12/5/2022 7:58:52 PM,while studying for my chemisery,,,,,,,
Xenon757,#9974,https://cdn.discordapp.com/avatars/618916724493778985/da020f9ea416e5fcde8d3ae30f074355.png,No,12/5/2022 7:58:47 PM,I'm listening to the album,,,,,,,
ElvisTheDino,#7823,https://cdn.discordapp.com/avatars/870433577433706526/0029f802282ca4894889c6b282af682c.png,No,12/5/2022 6:14:52 PM,listen to the album while u study parametric butholes,,,,,,,
ElvisTheDino,#7823,https://cdn.discordapp.com/avatars/870433577433706526/0029f802282ca4894889c6b282af682c.png,No,12/5/2022 6:14:41 PM,<@618916724493778985>,Xenon757#9974,,,,,,
ElvisTheDino,#7823,https://cdn.discordapp.com/avatars/870433577433706526/0029f802282ca4894889c6b282af682c.png,No,12/2/2022 1:33:52 PM,on spotify,,,,,,,
ElvisTheDino,#7823,https://cdn.discordapp.com/avatars/870433577433706526/0029f802282ca4894889c6b282af682c.png,No,12/2/2022 1:33:52 PM,listen at home,,,,,,,
ElvisTheDino,#7823,https://cdn.discordapp.com/avatars/870433577433706526/0029f802282ca4894889c6b282af682c.png,No,12/2/2022 1:33:45 PM,oh,,,,,,,
Xenon757,#9974,https://cdn.discordapp.com/avatars/618916724493778985/da020f9ea416e5fcde8d3ae30f074355.png,No,12/2/2022 1:33:44 PM,little theater,,,,,,,
Xenon757,#9974,https://cdn.discordapp.com/avatars/618916724493778985/da020f9ea416e5fcde8d3ae30f074355.png,No,12/2/2022 1:33:43 PM,no,,,,,,,
ElvisTheDino,#7823,https://cdn.discordapp.com/avatars/870433577433706526/0029f802282ca4894889c6b282af682c.png,No,12/2/2022 1:33:40 PM,are you in the library rn,,,,,,,
ElvisTheDino,#7823,https://cdn.discordapp.com/avatars/870433577433706526/0029f802282ca4894889c6b282af682c.png,No,12/2/2022 1:33:38 PM,lolololol,,,,,,,
Xenon757,#9974,https://cdn.discordapp.com/avatars/618916724493778985/da020f9ea416e5fcde8d3ae30f074355.png,No,12/2/2022 1:33:34 PM,ima blast this during my counselors' speech,,,,,,,
Xenon757,#9974,https://cdn.discordapp.com/avatars/618916724493778985/da020f9ea416e5fcde8d3ae30f074355.png,No,12/2/2022 1:33:26 PM,yoooooo,,,,,,,
ElvisTheDino,#7823,https://cdn.discordapp.com/avatars/870433577433706526/0029f802282ca4894889c6b282af682c.png,No,12/2/2022 9:15:27 AM,<@618916724493778985> it's here (!!!!),Xenon757#9974,,,,,,
ElvisTheDino,#7823,https://cdn.discordapp.com/avatars/870433577433706526/0029f802282ca4894889c6b282af682c.png,No,12/1/2022 10:18:21 PM,massive hype,,,,,,,
ElvisTheDino,#7823,https://cdn.discordapp.com/avatars/870433577433706526/0029f802282ca4894889c6b282af682c.png,No,12/1/2022 10:18:19 PM,on ok lol,,,,,,,
ElvisTheDino,#7823,https://cdn.discordapp.com/avatars/870433577433706526/0029f802282ca4894889c6b282af682c.png,No,12/1/2022 10:18:13 PM,i'll send the links in the morning,,,,,,,
ElvisTheDino,#7823,https://cdn.discordapp.com/avatars/870433577433706526/0029f802282ca4894889c6b282af682c.png,No,12/1/2022 10:17:43 PM,tomorrow ;),,,,,,,
ElvisTheDino,#7823,https://cdn.discordapp.com/avatars/870433577433706526/0029f802282ca4894889c6b282af682c.png,No,12/1/2022 10:17:41 PM,,,https://cdn.discordapp.com/attachments/877367376688062525/1048120757462519858/Screen_Shot_2022-12-01_at_10.16.59_PM.png,,,,,
ElvisTheDino,#7823,https://cdn.discordapp.com/avatars/870433577433706526/0029f802282ca4894889c6b282af682c.png,No,11/17/2022 7:48:51 PM,misha shilov gives himself an ostralio !?,,,,,,,
ElvisTheDino,#7823,https://cdn.discordapp.com/avatars/870433577433706526/0029f802282ca4894889c6b282af682c.png,No,11/17/2022 7:48:42 PM,thats crazy,,,,,,,
ElvisTheDino,#7823,https://cdn.discordapp.com/avatars/870433577433706526/0029f802282ca4894889c6b282af682c.png,No,11/17/2022 7:48:32 PM,as misha shilov,,,,,,,
ElvisTheDino,#7823,https://cdn.discordapp.com/avatars/870433577433706526/0029f802282ca4894889c6b282af682c.png,No,11/17/2022 7:48:28 PM,omg its the same person,,,,,,,
ElvisTheDino,#7823,https://cdn.discordapp.com/avatars/870433577433706526/0029f802282ca4894889c6b282af682c.png,No,11/17/2022 7:48:24 PM,misha hlasek,,,,,,,
Xenon757,#9974,https://cdn.discordapp.com/avatars/618916724493778985/da020f9ea416e5fcde8d3ae30f074355.png,No,11/17/2022 7:46:40 PM,he goes hard when he sees Ms. Hisalek,,,,,,,
Xenon757,#9974,https://cdn.discordapp.com/avatars/618916724493778985/da020f9ea416e5fcde8d3ae30f074355.png,No,11/17/2022 7:46:33 PM,fr,,,,,,,
ElvisTheDino,#7823,https://cdn.discordapp.com/avatars/870433577433706526/0029f802282ca4894889c6b282af682c.png,No,11/16/2022 8:24:48 PM,misha be like,,,,,,,
ElvisTheDino,#7823,https://cdn.discordapp.com/avatars/870433577433706526/0029f802282ca4894889c6b282af682c.png,No,11/16/2022 8:24:47 PM,,,https://cdn.discordapp.com/attachments/877367376688062525/1042656523404460082/Screen_Shot_2022-11-16_at_8.24.42_PM.png,,,,,
ElvisTheDino,#7823,https://cdn.discordapp.com/avatars/870433577433706526/0029f802282ca4894889c6b282af682c.png,No,11/16/2022 7:03:53 PM,but then you need transitions so its more work either way i think,,,,,,,
Xenon757,#9974,https://cdn.discordapp.com/avatars/618916724493778985/da020f9ea416e5fcde8d3ae30f074355.png,No,11/16/2022 7:03:42 PM,I kinda wanna do that,,,,,,,
Xenon757,#9974,https://cdn.discordapp.com/avatars/618916724493778985/da020f9ea416e5fcde8d3ae30f074355.png,No,11/16/2022 7:03:39 PM,that's smart,,,,,,,
Xenon757,#9974,https://cdn.discordapp.com/avatars/618916724493778985/da020f9ea416e5fcde8d3ae30f074355.png,No,11/16/2022 7:03:37 PM,oh ok,,,,,,,
ElvisTheDino,#7823,https://cdn.discordapp.com/avatars/870433577433706526/0029f802282ca4894889c6b282af682c.png,No,11/16/2022 7:03:25 PM,i just deletd the graphic organizer and am typing it out,,,,,,,
Xenon757,#9974,https://cdn.discordapp.com/avatars/618916724493778985/da020f9ea416e5fcde8d3ae30f074355.png,No,11/16/2022 7:02:45 PM,ik what to do,,,,,,,
Xenon757,#9974,https://cdn.discordapp.com/avatars/618916724493778985/da020f9ea416e5fcde8d3ae30f074355.png,No,11/16/2022 7:02:42 PM,nvm actually,,,,,,,
Xenon757,#9974,https://cdn.discordapp.com/avatars/618916724493778985/da020f9ea416e5fcde8d3ae30f074355.png,No,11/16/2022 7:02:24 PM,like the order doesn't make sense,,,,,,,
Xenon757,#9974,https://cdn.discordapp.com/avatars/618916724493778985/da020f9ea416e5fcde8d3ae30f074355.png,No,11/16/2022 7:02:10 PM,and then explain the first part below,,,,,,,
Xenon757,#9974,https://cdn.discordapp.com/avatars/618916724493778985/da020f9ea416e5fcde8d3ae30f074355.png,No,11/16/2022 7:02:06 PM,im just gonna analyze the second part,,,,,,,
Xenon757,#9974,https://cdn.discordapp.com/avatars/618916724493778985/da020f9ea416e5fcde8d3ae30f074355.png,No,11/16/2022 7:01:59 PM,and then instead of explaining it right after,,,,,,,
Xenon757,#9974,https://cdn.discordapp.com/avatars/618916724493778985/da020f9ea416e5fcde8d3ae30f074355.png,No,11/16/2022 7:01:54 PM,so im gonna analyze the first part,,,,,,,
Xenon757,#9974,https://cdn.discordapp.com/avatars/618916724493778985/da020f9ea416e5fcde8d3ae30f074355.png,No,11/16/2022 7:01:49 PM,I'm analyzing 2 parts of the sentence,,,,,,,
Xenon757,#9974,https://cdn.discordapp.com/avatars/618916724493778985/da020f9ea416e5fcde8d3ae30f074355.png,No,11/16/2022 7:01:44 PM,ok my problem with this is,,,,,,,
ElvisTheDino,#7823,https://cdn.discordapp.com/avatars/870433577433706526/0029f802282ca4894889c6b282af682c.png,No,11/16/2022 7:01:26 PM,full sentences i think,,,,,,,
Xenon757,#9974,https://cdn.discordapp.com/avatars/618916724493778985/da020f9ea416e5fcde8d3ae30f074355.png,No,11/16/2022 7:00:49 PM,or did she say that's not all;owed?,,,,,,,
Xenon757,#9974,https://cdn.discordapp.com/avatars/618916724493778985/da020f9ea416e5fcde8d3ae30f074355.png,No,11/16/2022 7:00:46 PM,can I use bullet poitns,,,,,,,
Xenon757,#9974,https://cdn.discordapp.com/avatars/618916724493778985/da020f9ea416e5fcde8d3ae30f074355.png,No,11/16/2022 7:00:43 PM,ok also,,,,,,,
ElvisTheDino,#7823,https://cdn.discordapp.com/avatars/870433577433706526/0029f802282ca4894889c6b282af682c.png,No,11/16/2022 6:59:50 PM,one of them,,,,,,,
ElvisTheDino,#7823,https://cdn.discordapp.com/avatars/870433577433706526/0029f802282ca4894889c6b282af682c.png,No,11/16/2022 6:59:42 PM,"explain the significance, purpose, impact, effect, etc",,,,,,,
Xenon757,#9974,https://cdn.discordapp.com/avatars/618916724493778985/da020f9ea416e5fcde8d3ae30f074355.png,No,11/16/2022 6:59:35 PM,i think,,,,,,,
Xenon757,#9974,https://cdn.discordapp.com/avatars/618916724493778985/da020f9ea416e5fcde8d3ae30f074355.png,No,11/16/2022 6:59:34 PM,I see,,,,,,,
Xenon757,#9974,https://cdn.discordapp.com/avatars/618916724493778985/da020f9ea416e5fcde8d3ae30f074355.png,No,11/16/2022 6:59:33 PM,ok,,,,,,,
ElvisTheDino,#7823,https://cdn.discordapp.com/avatars/870433577433706526/0029f802282ca4894889c6b282af682c.png,No,11/16/2022 6:59:24 PM,connect to thesis,,,,,,,
Xenon757,#9974,https://cdn.discordapp.com/avatars/618916724493778985/da020f9ea416e5fcde8d3ae30f074355.png,No,11/16/2022 6:59:15 PM,then what do I put in spies,,,,,,,
ElvisTheDino,#7823,https://cdn.discordapp.com/avatars/870433577433706526/0029f802282ca4894889c6b282af682c.png,No,11/16/2022 6:59:08 PM,thats all didls,,,,,,,
Xenon757,#9974,https://cdn.discordapp.com/avatars/618916724493778985/da020f9ea416e5fcde8d3ae30f074355.png,No,11/16/2022 6:59:04 PM,what part of this would I put in spies,,,,,,,
Xenon757,#9974,https://cdn.discordapp.com/avatars/618916724493778985/da020f9ea416e5fcde8d3ae30f074355.png,No,11/16/2022 6:58:56 PM,"""This relationship is so unbalanced that Helena is willing to be treated as a dog, and specifically, a Spaniel, a dog with droopy ears that‚Äôs often used as a metaphor for obsequiousness. The string of harmful words such as spurn, strike, neglect, and lose that comes after cements how unbalanced this relationship is, and how badly Demetrius treats her. As a result of this, she has resorted to begging and becoming his literal slave, clearly illustrating the perils of an unbalanced relationship."" like isn't this all anal",,,,,,,
ElvisTheDino,#7823,https://cdn.discordapp.com/avatars/870433577433706526/0029f802282ca4894889c6b282af682c.png,No,11/16/2022 6:58:40 PM,?,,,,,,,
Xenon757,#9974,https://cdn.discordapp.com/avatars/618916724493778985/da020f9ea416e5fcde8d3ae30f074355.png,No,11/16/2022 6:58:07 PM,and then do I just not explain my analysis?,,,,,,,
Xenon757,#9974,https://cdn.discordapp.com/avatars/618916724493778985/da020f9ea416e5fcde8d3ae30f074355.png,No,11/16/2022 6:57:59 PM,like I'm analyzing multiple parts of the sentence,ElvisTheDino#7823,,,,,,
ElvisTheDino,#7823,https://cdn.discordapp.com/avatars/870433577433706526/0029f802282ca4894889c6b282af682c.png,No,11/16/2022 6:57:55 PM,ok,,,,,,,
ElvisTheDino,#7823,https://cdn.discordapp.com/avatars/870433577433706526/0029f802282ca4894889c6b282af682c.png,No,11/16/2022 6:57:54 PM,because its seperate parts of analysis ig,,,,,,,
Xenon757,#9974,https://cdn.discordapp.com/avatars/618916724493778985/da020f9ea416e5fcde8d3ae30f074355.png,No,11/16/2022 6:57:48 PM,yea,,,,,,,
ElvisTheDino,#7823,https://cdn.discordapp.com/avatars/870433577433706526/0029f802282ca4894889c6b282af682c.png,No,11/16/2022 6:57:45 PM,are we supposed to highlight ?,Xenon757#9974,,,,,,
Xenon757,#9974,https://cdn.discordapp.com/avatars/618916724493778985/da020f9ea416e5fcde8d3ae30f074355.png,No,11/16/2022 6:57:45 PM,why are they in seperate chunks tho,,,,,,,
Xenon757,#9974,https://cdn.discordapp.com/avatars/618916724493778985/da020f9ea416e5fcde8d3ae30f074355.png,No,11/16/2022 6:57:41 PM,oh ok,,,,,,,
ElvisTheDino,#7823,https://cdn.discordapp.com/avatars/870433577433706526/0029f802282ca4894889c6b282af682c.png,No,11/16/2022 6:57:37 PM,spies is connecting to the thesis i think,,,,,,,
ElvisTheDino,#7823,https://cdn.discordapp.com/avatars/870433577433706526/0029f802282ca4894889c6b282af682c.png,No,11/16/2022 6:57:27 PM,didls is about the text itself,,,,,,,
Xenon757,#9974,https://cdn.discordapp.com/avatars/618916724493778985/da020f9ea416e5fcde8d3ae30f074355.png,No,11/16/2022 6:57:17 PM,what's the diff between spies and didles,,,,,,,
Xenon757,#9974,https://cdn.discordapp.com/avatars/618916724493778985/da020f9ea416e5fcde8d3ae30f074355.png,No,11/16/2022 6:57:13 PM,also,,,,,,,
Xenon757,#9974,https://cdn.discordapp.com/avatars/618916724493778985/da020f9ea416e5fcde8d3ae30f074355.png,No,11/16/2022 6:50:03 PM,does holdener only read the body p's we highlited?,,,,,,,
Xenon757,#9974,https://cdn.discordapp.com/avatars/618916724493778985/da020f9ea416e5fcde8d3ae30f074355.png,No,11/16/2022 6:49:55 PM,bro,,,,,,,
ElvisTheDino,#7823,https://cdn.discordapp.com/avatars/870433577433706526/0029f802282ca4894889c6b282af682c.png,No,11/16/2022 5:15:48 PM,ye,,,,,,,
Xenon757,#9974,https://cdn.discordapp.com/avatars/618916724493778985/da020f9ea416e5fcde8d3ae30f074355.png,No,11/16/2022 5:15:44 PM,that's so free,,,,,,,
Xenon757,#9974,https://cdn.discordapp.com/avatars/618916724493778985/da020f9ea416e5fcde8d3ae30f074355.png,No,11/16/2022 5:15:43 PM,I would just do all the questions beforehand,,,,,,,
Xenon757,#9974,https://cdn.discordapp.com/avatars/618916724493778985/da020f9ea416e5fcde8d3ae30f074355.png,No,11/16/2022 5:15:39 PM,ok,,,,,,,
Xenon757,#9974,https://cdn.discordapp.com/avatars/618916724493778985/da020f9ea416e5fcde8d3ae30f074355.png,No,11/16/2022 5:15:38 PM,oh damn,ElvisTheDino#7823,,,,,,
ElvisTheDino,#7823,https://cdn.discordapp.com/avatars/870433577433706526/0029f802282ca4894889c6b282af682c.png,No,11/16/2022 5:15:25 PM,"it was some easy comprehension questions from 1984, plus you had to do some didls analysis, except she gave us the questions 2 weeks in advance and she graded extremely leniently",,,,,,,
ElvisTheDino,#7823,https://cdn.discordapp.com/avatars/870433577433706526/0029f802282ca4894889c6b282af682c.png,No,11/16/2022 5:14:40 PM,i hope s,,,,,,,
Xenon757,#9974,https://cdn.discordapp.com/avatars/618916724493778985/da020f9ea416e5fcde8d3ae30f074355.png,No,11/16/2022 5:14:28 PM,hopefully it is this year too,,,,,,,
ElvisTheDino,#7823,https://cdn.discordapp.com/avatars/870433577433706526/0029f802282ca4894889c6b282af682c.png,No,11/16/2022 5:14:20 PM,last year the final was free,,,,,,,
Xenon757,#9974,https://cdn.discordapp.com/avatars/618916724493778985/da020f9ea416e5fcde8d3ae30f074355.png,No,11/16/2022 5:14:12 PM,are they an in calss essay?,,,,,,,
Xenon757,#9974,https://cdn.discordapp.com/avatars/618916724493778985/da020f9ea416e5fcde8d3ae30f074355.png,No,11/16/2022 5:14:09 PM,finals in holdener,,,,,,,
Xenon757,#9974,https://cdn.discordapp.com/avatars/618916724493778985/da020f9ea416e5fcde8d3ae30f074355.png,No,11/16/2022 5:14:07 PM,wait,,,,,,,
Xenon757,#9974,https://cdn.discordapp.com/avatars/618916724493778985/da020f9ea416e5fcde8d3ae30f074355.png,No,11/16/2022 5:14:01 PM,same,ElvisTheDino#7823,,,,,,
ElvisTheDino,#7823,https://cdn.discordapp.com/avatars/870433577433706526/0029f802282ca4894889c6b282af682c.png,No,11/16/2022 5:13:58 PM,i need to see how i recovered from english,,,,,,,
ElvisTheDino,#7823,https://cdn.discordapp.com/avatars/870433577433706526/0029f802282ca4894889c6b282af682c.png,No,11/16/2022 5:13:53 PM,i wish i could view my grades from last year,,,,,,,
ElvisTheDino,#7823,https://cdn.discordapp.com/avatars/870433577433706526/0029f802282ca4894889c6b282af682c.png,No,11/16/2022 5:13:37 PM,:(,,,,,,,
Xenon757,#9974,https://cdn.discordapp.com/avatars/618916724493778985/da020f9ea416e5fcde8d3ae30f074355.png,No,11/16/2022 5:13:29 PM,it'll soon be my lowest grade tho,,,,,,,
ElvisTheDino,#7823,https://cdn.discordapp.com/avatars/870433577433706526/0029f802282ca4894889c6b282af682c.png,No,11/16/2022 5:13:15 PM,lol,,,,,,,
ElvisTheDino,#7823,https://cdn.discordapp.com/avatars/870433577433706526/0029f802282ca4894889c6b282af682c.png,No,11/16/2022 5:13:13 PM,wtf,,,,,,,
Xenon757,#9974,https://cdn.discordapp.com/avatars/618916724493778985/da020f9ea416e5fcde8d3ae30f074355.png,No,11/16/2022 5:13:11 PM,its higher than my PE grade,,,,,,,
ElvisTheDino,#7823,https://cdn.discordapp.com/avatars/870433577433706526/0029f802282ca4894889c6b282af682c.png,No,11/16/2022 5:13:09 PM,lol,,,,,,,
Xenon757,#9974,https://cdn.discordapp.com/avatars/618916724493778985/da020f9ea416e5fcde8d3ae30f074355.png,No,11/16/2022 5:13:06 PM,lmao,,,,,,,
Xenon757,#9974,https://cdn.discordapp.com/avatars/618916724493778985/da020f9ea416e5fcde8d3ae30f074355.png,No,11/16/2022 5:13:06 PM,english is my highest grade,,,,,,,
Xenon757,#9974,https://cdn.discordapp.com/avatars/618916724493778985/da020f9ea416e5fcde8d3ae30f074355.png,No,11/16/2022 5:13:03 PM,wait bro,,,,,,,
Xenon757,#9974,https://cdn.discordapp.com/avatars/618916724493778985/da020f9ea416e5fcde8d3ae30f074355.png,No,11/16/2022 5:12:53 PM,oh lmao,,,,,,,
ElvisTheDino,#7823,https://cdn.discordapp.com/avatars/870433577433706526/0029f802282ca4894889c6b282af682c.png,No,11/16/2022 5:12:35 PM,so its also like my fourth lowest or smth like that,,,,,,,
ElvisTheDino,#7823,https://cdn.discordapp.com/avatars/870433577433706526/0029f802282ca4894889c6b282af682c.png,No,11/16/2022 5:10:52 PM,because i have a 93 in a ton of classes,,,,,,,
Xenon757,#9974,https://cdn.discordapp.com/avatars/618916724493778985/da020f9ea416e5fcde8d3ae30f074355.png,No,11/16/2022 5:10:44 PM,that's so good,,,,,,,
Xenon757,#9974,https://cdn.discordapp.com/avatars/618916724493778985/da020f9ea416e5fcde8d3ae30f074355.png,No,11/16/2022 5:10:43 PM,how is that ur second lowest,ElvisTheDino#7823,,,,,,
ElvisTheDino,#7823,https://cdn.discordapp.com/avatars/870433577433706526/0029f802282ca4894889c6b282af682c.png,No,11/16/2022 5:10:43 PM,it went up soooo much,,,,,,,
ElvisTheDino,#7823,https://cdn.discordapp.com/avatars/870433577433706526/0029f802282ca4894889c6b282af682c.png,No,11/16/2022 5:10:36 PM,i had a 87 before,,,,,,,
ElvisTheDino,#7823,https://cdn.discordapp.com/avatars/870433577433706526/0029f802282ca4894889c6b282af682c.png,No,11/16/2022 5:10:31 PM,93,,,,,,,
Xenon757,#9974,https://cdn.discordapp.com/avatars/618916724493778985/da020f9ea416e5fcde8d3ae30f074355.png,No,11/16/2022 5:10:26 PM,what do u have?,,,,,,,
Xenon757,#9974,https://cdn.discordapp.com/avatars/618916724493778985/da020f9ea416e5fcde8d3ae30f074355.png,No,11/16/2022 5:10:25 PM,lmao,,,,,,,
ElvisTheDino,#7823,https://cdn.discordapp.com/avatars/870433577433706526/0029f802282ca4894889c6b282af682c.png,No,11/16/2022 5:10:22 PM,ok but its my second lowest,,,,,,,
ElvisTheDino,#7823,https://cdn.discordapp.com/avatars/870433577433706526/0029f802282ca4894889c6b282af682c.png,No,11/16/2022 5:10:16 PM,i forgor abt that,,,,,,,
ElvisTheDino,#7823,https://cdn.discordapp.com/avatars/870433577433706526/0029f802282ca4894889c6b282af682c.png,No,11/16/2022 5:10:12 PM,oh wait my grade went up bc i just got a 10/10 in participation for this unit,,,,,,,
ElvisTheDino,#7823,https://cdn.discordapp.com/avatars/870433577433706526/0029f802282ca4894889c6b282af682c.png,No,11/16/2022 5:09:43 PM,same,,,,,,,
Xenon757,#9974,https://cdn.discordapp.com/avatars/618916724493778985/da020f9ea416e5fcde8d3ae30f074355.png,No,11/16/2022 5:09:42 PM,it will be my worst grade tho,,,,,,,
Xenon757,#9974,https://cdn.discordapp.com/avatars/618916724493778985/da020f9ea416e5fcde8d3ae30f074355.png,No,11/16/2022 5:09:38 PM,wella ctually my memnoir hasn't been graded yet,,,,,,,
Xenon757,#9974,https://cdn.discordapp.com/avatars/618916724493778985/da020f9ea416e5fcde8d3ae30f074355.png,No,11/16/2022 5:09:25 PM,same,,,,,,,
ElvisTheDino,#7823,https://cdn.discordapp.com/avatars/870433577433706526/0029f802282ca4894889c6b282af682c.png,No,11/16/2022 5:09:17 PM,ima still do it bc english is my worst grade rn and i need the feedback,,,,,,,
ElvisTheDino,#7823,https://cdn.discordapp.com/avatars/870433577433706526/0029f802282ca4894889c6b282af682c.png,No,11/16/2022 5:08:58 PM,wtf,,,,,,,
ElvisTheDino,#7823,https://cdn.discordapp.com/avatars/870433577433706526/0029f802282ca4894889c6b282af682c.png,No,11/16/2022 5:08:56 PM,oh yeah ur right,,,,,,,
Xenon757,#9974,https://cdn.discordapp.com/avatars/618916724493778985/da020f9ea416e5fcde8d3ae30f074355.png,No,11/16/2022 5:08:56 PM,whiuch doesn't count to grade,,,,,,,
Xenon757,#9974,https://cdn.discordapp.com/avatars/618916724493778985/da020f9ea416e5fcde8d3ae30f074355.png,No,11/16/2022 5:08:53 PM,its in the completion tab,,,,,,,
Xenon757,#9974,https://cdn.discordapp.com/avatars/618916724493778985/da020f9ea416e5fcde8d3ae30f074355.png,No,11/16/2022 5:08:49 PM,the thing is,,https://cdn.discordapp.com/attachments/877367376688062525/1042607211127521403/Screen_Shot_2022-11-16_at_5.08.45_PM.png,,,,,
ElvisTheDino,#7823,https://cdn.discordapp.com/avatars/870433577433706526/0029f802282ca4894889c6b282af682c.png,No,11/16/2022 5:08:49 PM,so idk,,,,,,,
ElvisTheDino,#7823,https://cdn.discordapp.com/avatars/870433577433706526/0029f802282ca4894889c6b282af682c.png,No,11/16/2022 5:08:46 PM,bc of ortho appt,,,,,,,
ElvisTheDino,#7823,https://cdn.discordapp.com/avatars/870433577433706526/0029f802282ca4894889c6b282af682c.png,No,11/16/2022 5:08:44 PM,but also i missed last tuesday,,,,,,,
Xenon757,#9974,https://cdn.discordapp.com/avatars/618916724493778985/da020f9ea416e5fcde8d3ae30f074355.png,No,11/16/2022 5:08:37 PM,her ever saying that,,,,,,,
ElvisTheDino,#7823,https://cdn.discordapp.com/avatars/870433577433706526/0029f802282ca4894889c6b282af682c.png,No,11/16/2022 5:08:36 PM,i didnt hear her say that tbh,,,,,,,
Xenon757,#9974,https://cdn.discordapp.com/avatars/618916724493778985/da020f9ea416e5fcde8d3ae30f074355.png,No,11/16/2022 5:08:33 PM,do u remember,,,,,,,
Xenon757,#9974,https://cdn.discordapp.com/avatars/618916724493778985/da020f9ea416e5fcde8d3ae30f074355.png,No,11/16/2022 5:08:30 PM,am I trippin or did she say that?,,,,,,,
ElvisTheDino,#7823,https://cdn.discordapp.com/avatars/870433577433706526/0029f802282ca4894889c6b282af682c.png,No,11/16/2022 5:08:29 PM,oh idk,,,,,,,
Xenon757,#9974,https://cdn.discordapp.com/avatars/618916724493778985/da020f9ea416e5fcde8d3ae30f074355.png,No,11/16/2022 5:08:25 PM,but u won't be allowed revisions,,,,,,,
Xenon757,#9974,https://cdn.discordapp.com/avatars/618916724493778985/da020f9ea416e5fcde8d3ae30f074355.png,No,11/16/2022 5:08:19 PM,if u don't do the rough draft it doesn't affect ur grade,,,,,,,
Xenon757,#9974,https://cdn.discordapp.com/avatars/618916724493778985/da020f9ea416e5fcde8d3ae30f074355.png,No,11/16/2022 5:08:11 PM,bro but didn't she say,,,,,,,
ElvisTheDino,#7823,https://cdn.discordapp.com/avatars/870433577433706526/0029f802282ca4894889c6b282af682c.png,No,11/16/2022 5:08:04 PM,üíÄ,,,,,,,
Xenon757,#9974,https://cdn.discordapp.com/avatars/618916724493778985/da020f9ea416e5fcde8d3ae30f074355.png,No,11/16/2022 5:08:04 PM,cuz I thought it was optional,,,,,,,
Xenon757,#9974,https://cdn.discordapp.com/avatars/618916724493778985/da020f9ea416e5fcde8d3ae30f074355.png,No,11/16/2022 5:08:00 PM,I haven't done a single thing on it,,,,,,,
ElvisTheDino,#7823,https://cdn.discordapp.com/avatars/870433577433706526/0029f802282ca4894889c6b282af682c.png,No,11/16/2022 5:08:00 PM,ye,,,,,,,
Xenon757,#9974,https://cdn.discordapp.com/avatars/618916724493778985/da020f9ea416e5fcde8d3ae30f074355.png,No,11/16/2022 5:07:57 PM,r u serious,,,,,,,
Xenon757,#9974,https://cdn.discordapp.com/avatars/618916724493778985/da020f9ea416e5fcde8d3ae30f074355.png,No,11/16/2022 5:07:56 PM,noo,,,,,,,
ElvisTheDino,#7823,https://cdn.discordapp.com/avatars/870433577433706526/0029f802282ca4894889c6b282af682c.png,No,11/16/2022 5:07:54 PM,you gotta do it,,,,,,,
ElvisTheDino,#7823,https://cdn.discordapp.com/avatars/870433577433706526/0029f802282ca4894889c6b282af682c.png,No,11/16/2022 5:07:49 PM,its graded on completion,,,,,,,
Xenon757,#9974,https://cdn.discordapp.com/avatars/618916724493778985/da020f9ea416e5fcde8d3ae30f074355.png,No,11/16/2022 5:07:17 PM,<@870433577433706526>,ElvisTheDino#7823,,,,,,
Xenon757,#9974,https://cdn.discordapp.com/avatars/618916724493778985/da020f9ea416e5fcde8d3ae30f074355.png,No,11/16/2022 5:07:04 PM,?,,,,,,,
Xenon757,#9974,https://cdn.discordapp.com/avatars/618916724493778985/da020f9ea416e5fcde8d3ae30f074355.png,No,11/16/2022 5:07:03 PM,or is itgraded,,,,,,,
Xenon757,#9974,https://cdn.discordapp.com/avatars/618916724493778985/da020f9ea416e5fcde8d3ae30f074355.png,No,11/16/2022 5:07:01 PM,is it optional,,,,,,,
Xenon757,#9974,https://cdn.discordapp.com/avatars/618916724493778985/da020f9ea416e5fcde8d3ae30f074355.png,No,11/16/2022 5:07:00 PM,the rough draft for midsummer night dream,,,,,,,
Xenon757,#9974,https://cdn.discordapp.com/avatars/618916724493778985/da020f9ea416e5fcde8d3ae30f074355.png,No,11/16/2022 5:06:51 PM,bro kiyon,,,,,,,
ElvisTheDino,#7823,https://cdn.discordapp.com/avatars/870433577433706526/0029f802282ca4894889c6b282af682c.png,No,11/15/2022 8:09:31 PM,nvm,,,,,,,
Xenon757,#9974,https://cdn.discordapp.com/avatars/618916724493778985/da020f9ea416e5fcde8d3ae30f074355.png,No,11/15/2022 8:07:57 PM,what,,,,,,,
ElvisTheDino,#7823,https://cdn.discordapp.com/avatars/870433577433706526/0029f802282ca4894889c6b282af682c.png,No,11/13/2022 2:48:25 PM,,Xenon757#9974,,,,,,
ElvisTheDino,#7823,https://cdn.discordapp.com/avatars/870433577433706526/0029f802282ca4894889c6b282af682c.png,No,11/13/2022 2:41:26 PM,,Xenon757#9974,,,,,,
ElvisTheDino,#7823,https://cdn.discordapp.com/avatars/870433577433706526/0029f802282ca4894889c6b282af682c.png,No,11/13/2022 9:52:30 AM,alr cool,,,,,,,
Xenon757,#9974,https://cdn.discordapp.com/avatars/618916724493778985/da020f9ea416e5fcde8d3ae30f074355.png,No,11/13/2022 9:52:23 AM,I can come,,,,,,,
Xenon757,#9974,https://cdn.discordapp.com/avatars/618916724493778985/da020f9ea416e5fcde8d3ae30f074355.png,No,11/13/2022 9:52:22 AM,yea,,,,,,,
ElvisTheDino,#7823,https://cdn.discordapp.com/avatars/870433577433706526/0029f802282ca4894889c6b282af682c.png,No,11/13/2022 9:52:20 AM,check ok lol,,,,,,,
ElvisTheDino,#7823,https://cdn.discordapp.com/avatars/870433577433706526/0029f802282ca4894889c6b282af682c.png,No,11/13/2022 9:52:17 AM,<@618916724493778985> can you confirm that u can come today,Xenon757#9974,,,,,,
ElvisTheDino,#7823,https://cdn.discordapp.com/avatars/870433577433706526/0029f802282ca4894889c6b282af682c.png,No,11/12/2022 5:39:15 PM,yep,,,,,,,
Xenon757,#9974,https://cdn.discordapp.com/avatars/618916724493778985/da020f9ea416e5fcde8d3ae30f074355.png,No,11/12/2022 5:34:08 PM,All I know is that Andy serkis is in it and ep 10 is amazing,,,,,,,
ElvisTheDino,#7823,https://cdn.discordapp.com/avatars/870433577433706526/0029f802282ca4894889c6b282af682c.png,No,11/12/2022 5:33:10 PM,Okay,,,,,,,
Xenon757,#9974,https://cdn.discordapp.com/avatars/618916724493778985/da020f9ea416e5fcde8d3ae30f074355.png,No,11/12/2022 5:33:08 PM,Lmao,,,,,,,
Xenon757,#9974,https://cdn.discordapp.com/avatars/618916724493778985/da020f9ea416e5fcde8d3ae30f074355.png,No,11/12/2022 5:33:02 PM,Don‚Äôt spoil,,,,,,,
ElvisTheDino,#7823,https://cdn.discordapp.com/avatars/870433577433706526/0029f802282ca4894889c6b282af682c.png,No,11/12/2022 5:32:57 PM,ye,,,,,,,
Xenon757,#9974,https://cdn.discordapp.com/avatars/618916724493778985/da020f9ea416e5fcde8d3ae30f074355.png,No,11/12/2022 5:32:55 PM,I wanna read that guys manifesto,,,,,,,
ElvisTheDino,#7823,https://cdn.discordapp.com/avatars/870433577433706526/0029f802282ca4894889c6b282af682c.png,No,11/12/2022 5:32:52 PM,the 8910 is the best tho,,,,,,,
ElvisTheDino,#7823,https://cdn.discordapp.com/avatars/870433577433706526/0029f802282ca4894889c6b282af682c.png,No,11/12/2022 5:32:45 PM,ye,,,,,,,
Xenon757,#9974,https://cdn.discordapp.com/avatars/618916724493778985/da020f9ea416e5fcde8d3ae30f074355.png,No,11/12/2022 5:32:36 PM,Bro the aldahni arc was so good,,,,,,,
ElvisTheDino,#7823,https://cdn.discordapp.com/avatars/870433577433706526/0029f802282ca4894889c6b282af682c.png,No,11/12/2022 5:25:36 PM,11 and 12 aren't out yet,,,,,,,
ElvisTheDino,#7823,https://cdn.discordapp.com/avatars/870433577433706526/0029f802282ca4894889c6b282af682c.png,No,11/12/2022 5:25:31 PM,"but it's 1,2,3 is the ferrix arc - 4,5,6 is the aldhani arc and 8,9,10 is another arc",,,,,,,
ElvisTheDino,#7823,https://cdn.discordapp.com/avatars/870433577433706526/0029f802282ca4894889c6b282af682c.png,No,11/12/2022 5:24:56 PM,episode 7 is kinda filler tho,,,,,,,
ElvisTheDino,#7823,https://cdn.discordapp.com/avatars/870433577433706526/0029f802282ca4894889c6b282af682c.png,No,11/12/2022 5:24:46 PM,there's been 3 arcs so far,,,,,,,
ElvisTheDino,#7823,https://cdn.discordapp.com/avatars/870433577433706526/0029f802282ca4894889c6b282af682c.png,No,11/12/2022 5:24:40 PM,man it's so good,,,,,,,
ElvisTheDino,#7823,https://cdn.discordapp.com/avatars/870433577433706526/0029f802282ca4894889c6b282af682c.png,No,11/12/2022 5:24:37 PM,It gets better,,,,,,,
Xenon757,#9974,https://cdn.discordapp.com/avatars/618916724493778985/da020f9ea416e5fcde8d3ae30f074355.png,No,11/12/2022 5:21:04 PM,The eye was incredible,,,,,,,
Xenon757,#9974,https://cdn.discordapp.com/avatars/618916724493778985/da020f9ea416e5fcde8d3ae30f074355.png,No,11/12/2022 5:20:51 PM,I‚Äôve watched the first 6 eps,,,,,,,
Xenon757,#9974,https://cdn.discordapp.com/avatars/618916724493778985/da020f9ea416e5fcde8d3ae30f074355.png,No,11/12/2022 5:20:34 PM,Ur status is fax,,,,,,,
Xenon757,#9974,https://cdn.discordapp.com/avatars/618916724493778985/da020f9ea416e5fcde8d3ae30f074355.png,No,11/10/2022 6:30:52 PM,Lmao,,,,,,,
Xenon757,#9974,https://cdn.discordapp.com/avatars/618916724493778985/da020f9ea416e5fcde8d3ae30f074355.png,No,11/10/2022 6:30:50 PM,Wtf,,,,,,,
ElvisTheDino,#7823,https://cdn.discordapp.com/avatars/870433577433706526/0029f802282ca4894889c6b282af682c.png,No,11/10/2022 2:50:21 PM,,,https://cdn.discordapp.com/attachments/877367376688062525/1040398037215887370/Screen_Shot_2022-11-10_at_2.50.13_PM.png,,,,,
ElvisTheDino,#7823,https://cdn.discordapp.com/avatars/870433577433706526/0029f802282ca4894889c6b282af682c.png,No,11/8/2022 9:38:14 PM,i sent about dj set and about new ablum,,,,,,,
ElvisTheDino,#7823,https://cdn.discordapp.com/avatars/870433577433706526/0029f802282ca4894889c6b282af682c.png,No,11/8/2022 9:37:59 PM,check ok lol,,,,,,,
ElvisTheDino,#7823,https://cdn.discordapp.com/avatars/870433577433706526/0029f802282ca4894889c6b282af682c.png,No,11/8/2022 9:37:57 PM,lol,,,,,,,
Xenon757,#9974,https://cdn.discordapp.com/avatars/618916724493778985/da020f9ea416e5fcde8d3ae30f074355.png,No,11/8/2022 9:37:51 PM,bro ima need this playlist rn with ur parametric music so I can pass my test on parametric graphs,,,,,,,
Xenon757,#9974,https://cdn.discordapp.com/avatars/618916724493778985/da020f9ea416e5fcde8d3ae30f074355.png,No,11/8/2022 9:37:37 PM,yooo,ElvisTheDino#7823,,,,,,
ElvisTheDino,#7823,https://cdn.discordapp.com/avatars/870433577433706526/0029f802282ca4894889c6b282af682c.png,No,11/8/2022 9:37:31 PM,ikr,,,,,,,
Xenon757,#9974,https://cdn.discordapp.com/avatars/618916724493778985/da020f9ea416e5fcde8d3ae30f074355.png,No,11/8/2022 9:37:27 PM,when did Winston become good,,,,,,,
Xenon757,#9974,https://cdn.discordapp.com/avatars/618916724493778985/da020f9ea416e5fcde8d3ae30f074355.png,No,11/8/2022 9:37:21 PM,lmao what,ElvisTheDino#7823,,,,,,
ElvisTheDino,#7823,https://cdn.discordapp.com/avatars/870433577433706526/0029f802282ca4894889c6b282af682c.png,No,11/6/2022 8:38:17 PM,ghosted no more,,,,,,,
ElvisTheDino,#7823,https://cdn.discordapp.com/avatars/870433577433706526/0029f802282ca4894889c6b282af682c.png,No,11/6/2022 8:38:09 PM,lets gooooooo,,,,,,,
ElvisTheDino,#7823,https://cdn.discordapp.com/avatars/870433577433706526/0029f802282ca4894889c6b282af682c.png,No,11/6/2022 8:38:08 PM,,,https://cdn.discordapp.com/attachments/877367376688062525/1039036005023494184/unknown.png,,,,,
ElvisTheDino,#7823,https://cdn.discordapp.com/avatars/870433577433706526/0029f802282ca4894889c6b282af682c.png,No,11/5/2022 6:36:55 PM,its him,,,,,,,
ElvisTheDino,#7823,https://cdn.discordapp.com/avatars/870433577433706526/0029f802282ca4894889c6b282af682c.png,No,11/5/2022 6:36:54 PM,yep,,,,,,,
ElvisTheDino,#7823,https://cdn.discordapp.com/avatars/870433577433706526/0029f802282ca4894889c6b282af682c.png,No,11/5/2022 6:36:53 PM,and,,,,,,,
ElvisTheDino,#7823,https://cdn.discordapp.com/avatars/870433577433706526/0029f802282ca4894889c6b282af682c.png,No,11/5/2022 6:36:53 PM,so i texted him,,,,,,,
ElvisTheDino,#7823,https://cdn.discordapp.com/avatars/870433577433706526/0029f802282ca4894889c6b282af682c.png,No,11/5/2022 6:36:51 PM,"and we're like ""this can't be winston""",,,,,,,
ElvisTheDino,#7823,https://cdn.discordapp.com/avatars/870433577433706526/0029f802282ca4894889c6b282af682c.png,No,11/5/2022 6:36:45 PM,he was playing super well,,,,,,,
ElvisTheDino,#7823,https://cdn.discordapp.com/avatars/870433577433706526/0029f802282ca4894889c6b282af682c.png,No,11/5/2022 6:36:43 PM,and win12 was being OP,,,,,,,
ElvisTheDino,#7823,https://cdn.discordapp.com/avatars/870433577433706526/0029f802282ca4894889c6b282af682c.png,No,11/5/2022 6:36:39 PM,i joined the game too,,,,,,,
ElvisTheDino,#7823,https://cdn.discordapp.com/avatars/870433577433706526/0029f802282ca4894889c6b282af682c.png,No,11/5/2022 6:36:33 PM,"and saw someone named ""win12"", which is winston's username",,,,,,,
ElvisTheDino,#7823,https://cdn.discordapp.com/avatars/870433577433706526/0029f802282ca4894889c6b282af682c.png,No,11/5/2022 6:36:26 PM,sri was playing online,,,,,,,
ElvisTheDino,#7823,https://cdn.discordapp.com/avatars/870433577433706526/0029f802282ca4894889c6b282af682c.png,No,11/5/2022 6:36:22 PM,anyways,,,,,,,
ElvisTheDino,#7823,https://cdn.discordapp.com/avatars/870433577433706526/0029f802282ca4894889c6b282af682c.png,No,11/5/2022 6:36:21 PM,so basically winston is really bad at smashkarts,,,,,,,
ElvisTheDino,#7823,https://cdn.discordapp.com/avatars/870433577433706526/0029f802282ca4894889c6b282af682c.png,No,11/5/2022 6:36:11 PM,<@618916724493778985> the funniest thing just happened,Xenon757#9974,,,,,,
ElvisTheDino,#7823,https://cdn.discordapp.com/avatars/870433577433706526/0029f802282ca4894889c6b282af682c.png,No,11/4/2022 9:18:50 AM,It picks up fs,Xenon757#9974,,,,,,
Xenon757,#9974,https://cdn.discordapp.com/avatars/618916724493778985/da020f9ea416e5fcde8d3ae30f074355.png,No,11/4/2022 9:03:51 AM,everything looks a lot more real,,,,,,,
Xenon757,#9974,https://cdn.discordapp.com/avatars/618916724493778985/da020f9ea416e5fcde8d3ae30f074355.png,No,11/4/2022 9:03:38 AM,wayy better than Kenobi or book of boba fett tho,,,,,,,
Xenon757,#9974,https://cdn.discordapp.com/avatars/618916724493778985/da020f9ea416e5fcde8d3ae30f074355.png,No,11/4/2022 9:03:29 AM,but its hella slow,,,,,,,
Xenon757,#9974,https://cdn.discordapp.com/avatars/618916724493778985/da020f9ea416e5fcde8d3ae30f074355.png,No,11/4/2022 9:03:27 AM,so far its quality,,,,,,,
Xenon757,#9974,https://cdn.discordapp.com/avatars/618916724493778985/da020f9ea416e5fcde8d3ae30f074355.png,No,11/4/2022 9:03:23 AM,I've watched the first 2 eps,ElvisTheDino#7823,,,,,,
Xenon757,#9974,https://cdn.discordapp.com/avatars/618916724493778985/da020f9ea416e5fcde8d3ae30f074355.png,No,11/4/2022 9:03:17 AM,and besides he didn'te ven sig it in the first place lmao,,,,,,,
Xenon757,#9974,https://cdn.discordapp.com/avatars/618916724493778985/da020f9ea416e5fcde8d3ae30f074355.png,No,11/4/2022 9:03:08 AM,he could've just given it to u if u were coming to my class anyways,,,,,,,
Xenon757,#9974,https://cdn.discordapp.com/avatars/618916724493778985/da020f9ea416e5fcde8d3ae30f074355.png,No,11/4/2022 9:02:57 AM,why was this so complicated,,,,,,,
Xenon757,#9974,https://cdn.discordapp.com/avatars/618916724493778985/da020f9ea416e5fcde8d3ae30f074355.png,No,11/4/2022 9:02:51 AM,bro,ElvisTheDino#7823,,,,,,
ElvisTheDino,#7823,https://cdn.discordapp.com/avatars/870433577433706526/0029f802282ca4894889c6b282af682c.png,No,11/3/2022 10:01:57 PM,Sooooooooooooo good,,,,,,,
ElvisTheDino,#7823,https://cdn.discordapp.com/avatars/870433577433706526/0029f802282ca4894889c6b282af682c.png,No,11/3/2022 10:01:53 PM,man it's such a good show,,,,,,,
ElvisTheDino,#7823,https://cdn.discordapp.com/avatars/870433577433706526/0029f802282ca4894889c6b282af682c.png,No,11/3/2022 10:01:49 PM,when you watch it,,,,,,,
ElvisTheDino,#7823,https://cdn.discordapp.com/avatars/870433577433706526/0029f802282ca4894889c6b282af682c.png,No,11/3/2022 10:01:39 PM,Andor is actually amazing,,,,,,,
ElvisTheDino,#7823,https://cdn.discordapp.com/avatars/870433577433706526/0029f802282ca4894889c6b282af682c.png,No,11/2/2022 8:51:38 PM,and he is def not talking abt sharma,,,,,,,
ElvisTheDino,#7823,https://cdn.discordapp.com/avatars/870433577433706526/0029f802282ca4894889c6b282af682c.png,No,11/2/2022 8:51:14 PM,man just typoed ur name,,,,,,,
ElvisTheDino,#7823,https://cdn.discordapp.com/avatars/870433577433706526/0029f802282ca4894889c6b282af682c.png,No,11/2/2022 8:51:12 PM,,,https://cdn.discordapp.com/attachments/877367376688062525/1037574643923554375/Screen_Shot_2022-11-02_at_8.51.09_PM.png,,,,,
ElvisTheDino,#7823,https://cdn.discordapp.com/avatars/870433577433706526/0029f802282ca4894889c6b282af682c.png,No,11/2/2022 7:07:37 PM,no more bat cave üò©,,,,,,,
ElvisTheDino,#7823,https://cdn.discordapp.com/avatars/870433577433706526/0029f802282ca4894889c6b282af682c.png,No,11/2/2022 7:07:27 PM,That was so good,,,,,,,
ElvisTheDino,#7823,https://cdn.discordapp.com/avatars/870433577433706526/0029f802282ca4894889c6b282af682c.png,No,11/2/2022 7:07:25 PM,with Albert and the whole crew,,,,,,,
ElvisTheDino,#7823,https://cdn.discordapp.com/avatars/870433577433706526/0029f802282ca4894889c6b282af682c.png,No,11/2/2022 7:07:19 PM,remember brunch last year,,,,,,,
Xenon757,#9974,https://cdn.discordapp.com/avatars/618916724493778985/da020f9ea416e5fcde8d3ae30f074355.png,No,11/2/2022 7:07:09 PM,true,ElvisTheDino#7823,,,,,,
ElvisTheDino,#7823,https://cdn.discordapp.com/avatars/870433577433706526/0029f802282ca4894889c6b282af682c.png,No,11/2/2022 7:07:03 PM,that was last year tho,,,,,,,
ElvisTheDino,#7823,https://cdn.discordapp.com/avatars/870433577433706526/0029f802282ca4894889c6b282af682c.png,No,11/2/2022 7:06:53 PM,nah but someone like Mr Hernandez film lit 1st period with ostralio is free,,,,,,,
Xenon757,#9974,https://cdn.discordapp.com/avatars/618916724493778985/da020f9ea416e5fcde8d3ae30f074355.png,No,11/2/2022 7:06:34 PM,but especially for holdener,,,,,,,
ElvisTheDino,#7823,https://cdn.discordapp.com/avatars/870433577433706526/0029f802282ca4894889c6b282af682c.png,No,11/2/2022 7:06:33 PM,fax,,,,,,,
Xenon757,#9974,https://cdn.discordapp.com/avatars/618916724493778985/da020f9ea416e5fcde8d3ae30f074355.png,No,11/2/2022 7:06:30 PM,that's the strat for any english class,,,,,,,
ElvisTheDino,#7823,https://cdn.discordapp.com/avatars/870433577433706526/0029f802282ca4894889c6b282af682c.png,No,11/2/2022 7:06:20 PM,That's the strat for holdener,,,,,,,
ElvisTheDino,#7823,https://cdn.discordapp.com/avatars/870433577433706526/0029f802282ca4894889c6b282af682c.png,No,11/2/2022 7:06:15 PM,makes sense,,,,,,,
ElvisTheDino,#7823,https://cdn.discordapp.com/avatars/870433577433706526/0029f802282ca4894889c6b282af682c.png,No,11/2/2022 7:06:11 PM,oh ok,,,,,,,
Xenon757,#9974,https://cdn.discordapp.com/avatars/618916724493778985/da020f9ea416e5fcde8d3ae30f074355.png,No,11/2/2022 7:06:07 PM,I just wrote some bs answer,,,,,,,
Xenon757,#9974,https://cdn.discordapp.com/avatars/618916724493778985/da020f9ea416e5fcde8d3ae30f074355.png,No,11/2/2022 7:06:03 PM,idk,,,,,,,
Xenon757,#9974,https://cdn.discordapp.com/avatars/618916724493778985/da020f9ea416e5fcde8d3ae30f074355.png,No,11/2/2022 7:05:55 PM,lmao,,,,,,,
ElvisTheDino,#7823,https://cdn.discordapp.com/avatars/870433577433706526/0029f802282ca4894889c6b282af682c.png,No,11/2/2022 7:01:18 PM,i need to grind socratic seminar so i can watch the new andor lol,,,,,,,
ElvisTheDino,#7823,https://cdn.discordapp.com/avatars/870433577433706526/0029f802282ca4894889c6b282af682c.png,No,11/2/2022 7:01:06 PM,what are some examples of humor in a midsummer nights dream that highlight societal norms and expectations,,,,,,,
Xenon757,#9974,https://cdn.discordapp.com/avatars/618916724493778985/da020f9ea416e5fcde8d3ae30f074355.png,No,11/1/2022 9:43:41 PM,ill catch up,,,,,,,
Xenon757,#9974,https://cdn.discordapp.com/avatars/618916724493778985/da020f9ea416e5fcde8d3ae30f074355.png,No,11/1/2022 9:43:39 PM,honestly u can start,,,,,,,
ElvisTheDino,#7823,https://cdn.discordapp.com/avatars/870433577433706526/0029f802282ca4894889c6b282af682c.png,No,11/1/2022 9:43:13 PM,i might sleep soon,,,,,,,
ElvisTheDino,#7823,https://cdn.discordapp.com/avatars/870433577433706526/0029f802282ca4894889c6b282af682c.png,No,11/1/2022 9:28:31 PM,oh ok,,,,,,,
Xenon757,#9974,https://cdn.discordapp.com/avatars/618916724493778985/da020f9ea416e5fcde8d3ae30f074355.png,No,11/1/2022 9:27:52 PM,I gotta finish this history thing,,,,,,,
Xenon757,#9974,https://cdn.discordapp.com/avatars/618916724493778985/da020f9ea416e5fcde8d3ae30f074355.png,No,11/1/2022 9:27:47 PM,wait hold up,,,,,,,
ElvisTheDino,#7823,https://cdn.discordapp.com/avatars/870433577433706526/0029f802282ca4894889c6b282af682c.png,No,11/1/2022 9:22:14 PM,<@618916724493778985> u wanna watch now,Xenon757#9974,,,,,,
ElvisTheDino,#7823,https://cdn.discordapp.com/avatars/870433577433706526/0029f802282ca4894889c6b282af682c.png,No,11/1/2022 7:52:38 PM,alr cya then,,,,,,,
Xenon757,#9974,https://cdn.discordapp.com/avatars/618916724493778985/da020f9ea416e5fcde8d3ae30f074355.png,No,11/1/2022 7:52:30 PM,yea,,,,,,,
ElvisTheDino,#7823,https://cdn.discordapp.com/avatars/870433577433706526/0029f802282ca4894889c6b282af682c.png,No,11/1/2022 7:52:27 PM,and then we can watch,,,,,,,
ElvisTheDino,#7823,https://cdn.discordapp.com/avatars/870433577433706526/0029f802282ca4894889c6b282af682c.png,No,11/1/2022 7:52:23 PM,alr bet ima go take a shower and read a book some,,,,,,,
Xenon757,#9974,https://cdn.discordapp.com/avatars/618916724493778985/da020f9ea416e5fcde8d3ae30f074355.png,No,11/1/2022 7:52:09 PM,9:10,,,,,,,
ElvisTheDino,#7823,https://cdn.discordapp.com/avatars/870433577433706526/0029f802282ca4894889c6b282af682c.png,No,11/1/2022 7:52:01 PM,until when,,,,,,,
Xenon757,#9974,https://cdn.discordapp.com/avatars/618916724493778985/da020f9ea416e5fcde8d3ae30f074355.png,No,11/1/2022 7:51:55 PM,after that I can watch tho,,,,,,,
Xenon757,#9974,https://cdn.discordapp.com/avatars/618916724493778985/da020f9ea416e5fcde8d3ae30f074355.png,No,11/1/2022 7:51:51 PM,i have a class from 8:10,,,,,,,
ElvisTheDino,#7823,https://cdn.discordapp.com/avatars/870433577433706526/0029f802282ca4894889c6b282af682c.png,No,11/1/2022 7:51:48 PM,hi,,,,,,,
ElvisTheDino,#7823,https://cdn.discordapp.com/avatars/870433577433706526/0029f802282ca4894889c6b282af682c.png,No,11/1/2022 7:51:46 PM,lmao,,,,,,,
Xenon757,#9974,https://cdn.discordapp.com/avatars/618916724493778985/da020f9ea416e5fcde8d3ae30f074355.png,No,11/1/2022 7:51:45 PM,wait,,,,,,,
Xenon757,#9974,https://cdn.discordapp.com/avatars/618916724493778985/da020f9ea416e5fcde8d3ae30f074355.png,No,11/1/2022 7:51:44 PM,ok,,,,,,,
Xenon757,#9974,https://cdn.discordapp.com/avatars/618916724493778985/da020f9ea416e5fcde8d3ae30f074355.png,No,11/1/2022 7:51:43 PM,bro,,,,,,,
ElvisTheDino,#7823,https://cdn.discordapp.com/avatars/870433577433706526/0029f802282ca4894889c6b282af682c.png,No,11/1/2022 7:51:41 PM,<@618916724493778985>,Xenon757#9974,,,,,,
ElvisTheDino,#7823,https://cdn.discordapp.com/avatars/870433577433706526/0029f802282ca4894889c6b282af682c.png,No,11/1/2022 7:51:34 PM,i'm halfway thru episode 4 i think,,,,,,,
ElvisTheDino,#7823,https://cdn.discordapp.com/avatars/870433577433706526/0029f802282ca4894889c6b282af682c.png,No,11/1/2022 7:50:53 PM,lol,,,,,,,
ElvisTheDino,#7823,https://cdn.discordapp.com/avatars/870433577433706526/0029f802282ca4894889c6b282af682c.png,No,11/1/2022 7:50:51 PM,hi,,,,,,,
ElvisTheDino,#7823,https://cdn.discordapp.com/avatars/870433577433706526/0029f802282ca4894889c6b282af682c.png,No,11/1/2022 7:50:35 PM,hello,,,,,,,
ElvisTheDino,#7823,https://cdn.discordapp.com/avatars/870433577433706526/0029f802282ca4894889c6b282af682c.png,No,11/1/2022 7:50:33 PM,belwel,,,,,,,
ElvisTheDino,#7823,https://cdn.discordapp.com/avatars/870433577433706526/0029f802282ca4894889c6b282af682c.png,No,11/1/2022 7:49:14 PM,finished all my homework for today üòé,,,,,,,
ElvisTheDino,#7823,https://cdn.discordapp.com/avatars/870433577433706526/0029f802282ca4894889c6b282af682c.png,No,11/1/2022 7:49:06 PM,im ready now,,,,,,,
Xenon757,#9974,https://cdn.discordapp.com/avatars/618916724493778985/da020f9ea416e5fcde8d3ae30f074355.png,No,11/1/2022 5:02:06 PM,kk,,,,,,,
ElvisTheDino,#7823,https://cdn.discordapp.com/avatars/870433577433706526/0029f802282ca4894889c6b282af682c.png,No,11/1/2022 5:02:02 PM,I don't remember tbh,,,,,,,
Xenon757,#9974,https://cdn.discordapp.com/avatars/618916724493778985/da020f9ea416e5fcde8d3ae30f074355.png,No,11/1/2022 5:01:56 PM,what ep did u stop at tho,,,,,,,
ElvisTheDino,#7823,https://cdn.discordapp.com/avatars/870433577433706526/0029f802282ca4894889c6b282af682c.png,No,11/1/2022 5:01:54 PM,nice,,,,,,,
Xenon757,#9974,https://cdn.discordapp.com/avatars/618916724493778985/da020f9ea416e5fcde8d3ae30f074355.png,No,11/1/2022 5:01:53 PM,ok,,,,,,,
Xenon757,#9974,https://cdn.discordapp.com/avatars/618916724493778985/da020f9ea416e5fcde8d3ae30f074355.png,No,11/1/2022 5:01:51 PM,cuz I'm finally done with my chem test,,,,,,,
ElvisTheDino,#7823,https://cdn.discordapp.com/avatars/870433577433706526/0029f802282ca4894889c6b282af682c.png,No,11/1/2022 5:01:50 PM,ok I will let u know,,,,,,,
Xenon757,#9974,https://cdn.discordapp.com/avatars/618916724493778985/da020f9ea416e5fcde8d3ae30f074355.png,No,11/1/2022 5:01:44 PM,im like free the entire day td,,,,,,,
Xenon757,#9974,https://cdn.discordapp.com/avatars/618916724493778985/da020f9ea416e5fcde8d3ae30f074355.png,No,11/1/2022 5:01:39 PM,what episode did u stop at,,,,,,,
ElvisTheDino,#7823,https://cdn.discordapp.com/avatars/870433577433706526/0029f802282ca4894889c6b282af682c.png,No,11/1/2022 5:01:38 PM,Maybe I will today after I do chem hw,,,,,,,
ElvisTheDino,#7823,https://cdn.discordapp.com/avatars/870433577433706526/0029f802282ca4894889c6b282af682c.png,No,11/1/2022 5:01:32 PM,not yet,,,,,,,
Xenon757,#9974,https://cdn.discordapp.com/avatars/618916724493778985/da020f9ea416e5fcde8d3ae30f074355.png,No,11/1/2022 5:01:23 PM,yet,,,,,,,
Xenon757,#9974,https://cdn.discordapp.com/avatars/618916724493778985/da020f9ea416e5fcde8d3ae30f074355.png,No,11/1/2022 5:01:23 PM,have u finished tales of jedi,,,,,,,
Xenon757,#9974,https://cdn.discordapp.com/avatars/618916724493778985/da020f9ea416e5fcde8d3ae30f074355.png,No,11/1/2022 5:01:19 PM,yo,,,,,,,
Xenon757,#9974,https://cdn.discordapp.com/avatars/618916724493778985/da020f9ea416e5fcde8d3ae30f074355.png,No,10/31/2022 7:21:18 AM,ok lol,,,,,,,
ElvisTheDino,#7823,https://cdn.discordapp.com/avatars/870433577433706526/0029f802282ca4894889c6b282af682c.png,No,10/31/2022 7:21:09 AM,nvm I got it,,,,,,,
Xenon757,#9974,https://cdn.discordapp.com/avatars/618916724493778985/da020f9ea416e5fcde8d3ae30f074355.png,No,10/31/2022 7:20:57 AM,no,,,,,,,
ElvisTheDino,#7823,https://cdn.discordapp.com/avatars/870433577433706526/0029f802282ca4894889c6b282af682c.png,No,10/30/2022 8:19:20 PM,I need him to sign a legal form,,,,,,,
ElvisTheDino,#7823,https://cdn.discordapp.com/avatars/870433577433706526/0029f802282ca4894889c6b282af682c.png,No,10/30/2022 8:19:14 PM,dyk where nikhil shrivastava eats lunch,,,,,,,
Xenon757,#9974,https://cdn.discordapp.com/avatars/618916724493778985/da020f9ea416e5fcde8d3ae30f074355.png,No,10/28/2022 5:36:43 PM,ill show Ryan,,,,,,,
Xenon757,#9974,https://cdn.discordapp.com/avatars/618916724493778985/da020f9ea416e5fcde8d3ae30f074355.png,No,10/28/2022 5:36:41 PM,THAT'S ME,,,,,,,
Xenon757,#9974,https://cdn.discordapp.com/avatars/618916724493778985/da020f9ea416e5fcde8d3ae30f074355.png,No,10/28/2022 5:36:40 PM,YOOOOOO,ElvisTheDino#7823,,,,,,
Xenon757,#9974,https://cdn.discordapp.com/avatars/618916724493778985/da020f9ea416e5fcde8d3ae30f074355.png,No,10/28/2022 5:36:37 PM,where did u find that,,,,,,,
Xenon757,#9974,https://cdn.discordapp.com/avatars/618916724493778985/da020f9ea416e5fcde8d3ae30f074355.png,No,10/28/2022 5:36:35 PM,wtf,ElvisTheDino#7823,,,,,,
"Free version can export 500 messages, upgrade PRO to remove the limit",,,,,,,,,,,,
